userName;score;at;content;;
Hafis Akbar;5;16/10/2024 13.46;Mantap;;
Yuli Ana;5;16/10/2024 13.43;The best;;
Hadry Toretto Hadry Toretto;5;16/10/2024 13.41;Top bgt;;
Reza Andika Nurdiansyah;1;16/10/2024 13.37;Update versi malah tambah busuk, liat reels sama foto yg muncul gambar blur sama cacing muter. Bukan krn koneksi ya, soalnya nonton Livestream di YouTube sama tiktok lancar jaya aman sentosa.;;
Gayustambunan Mateusyomaki;5;16/10/2024 13.35;Sangat bagus aplikasinya ini saya suka memakainya;;
Dheo Achmad Fauzi;1;16/10/2024 13.34;"ini Instagram kenapa si, internet lancar tapi muter"" trs ngeliat foto/vidio. mohon pihak Instagram di cek aplikasi nya, kayanya bermasalah";;
Nun Jariyah;1;16/10/2024 13.31;Pemboros paket data;;
Dippos Sinaga;5;16/10/2024 13.29;Sangat bagus;;
Sitait Ali;1;16/10/2024 13.25;Lambat slow lemot parah;;
Yehuda Wongso;1;16/10/2024 13.23;Penghinaan terhadap lagu kebangsaan suatu negara dianggap tidak melanggar pedoman.;;
L TV Project;1;16/10/2024 13.22;hal yg paling mengecewakan diinstagram sekarang adalah tidak bisa report akun dan postingan yg padahal akun dan postingan itu mengandung beberapa hal yg dituju! semakin tidak berguna fitur report;;
Jacky Mubarok Mubarok;5;16/10/2024 13.21;Oke;;
Gracella Florist;5;16/10/2024 13.21;Bagus good;;
Neneng NuryanCahya;4;16/10/2024 13.19;Kenapa ga bisa di update;;
Lanno Baghy;2;16/10/2024 13.19;Sangat menyenangkan bertemu dan kenal banyak orang;;
laili;2;16/10/2024 13.17;sehari update 2x,heran.baru seminggu di update,ada notif update lagi.apa maunya coba ? haaah ya sudahlah;;
Yusuf Suryaman;5;16/10/2024 13.16;terbaik dsn tersegalanya;;
Astri Ayuningsih Panjaitan;1;16/10/2024 13.14;Knp lelet kali tiap lihat story pdhl jaringan bagus;;
Mungkin Nanti;1;16/10/2024 13.11;Gara2 noaimi9;;
Miranti Maharani;5;16/10/2024 13.11;Pengguna setia instagram dari tahun 2015ğŸ¥°;;
Bukik Uma;5;16/10/2024 13.11;Nice;;
Grand Chandramaya Residence;5;16/10/2024 13.08;Sangat. Membantu;;
Muhammad Mukhlis;5;16/10/2024 13.08;Luarbiasa;;
Afifah tunisa Az-zahra;5;16/10/2024 13.07;Kenangan gue sama dia masih ada di arsipan wkwkwk;;
Ririn Ririn;2;16/10/2024 13.06;tidak muncul di branda;;
Iril Kh1;3;16/10/2024 13.04;Aplikasi ko update tiap hari heran terheran heran;;
GADIS DESA;1;16/10/2024 13.02;inbox gak bisa dibuka,disuruh apdate tapi di Apk gak bisa diupdate karena gak ada tulisan update adanya cuma BUKA DAN UNINSTAL ini mksutnya gmna kok APK GAK JELAS;;
liethaa;2;16/10/2024 12.58;please fix it again, I have reported an account that uses my own face but it has been almost a month and Instagram has not followed up on the account. I am very disadvantaged by this incident!;;
Haryanto Harjianto;5;16/10/2024 12.56;Excellent;;
Suharja Suharja Suharja Suhara Suharja Suharja;2;16/10/2024 12.55;Mas Suharja Ganteng;;
Made Kumkum;5;16/10/2024 12.51;Mantap;;
Febrino Official;5;16/10/2024 12.50;rame in postingan yang di upload;;
pusat gadai tbo;5;16/10/2024 12.50;Mantap;;
Oji saputra Maha;4;16/10/2024 12.48;Kxjakoso;;
Safei Buyung;5;16/10/2024 12.40;Luar biasa IG;;
Husni Saleh;1;16/10/2024 12.40;Kalau ada bintang minus saya kasih minus 1000â­ï¸ğŸŒŸ;;
Sendal Jepet;5;16/10/2024 12.39;Sangat bagus aplikasinya sayasuka banget;;
Resky;5;16/10/2024 12.39;Bagus;;
Ydp_ Channel;2;16/10/2024 12.38;Kok Loadingnya makin lama yaa sekarang, Makin Burukk;;
Ajrul Faisal;1;16/10/2024 12.36;Reels makin gajelas, developer kocak;;
Riska Rahmadani;5;16/10/2024 12.33;Sangat bagus;;
Cinta Indah;5;16/10/2024 12.33;Sangat baguss;;
Rangga Newg;5;16/10/2024 12.32;Mantap;;
Ayu Andira;3;16/10/2024 12.31;karnaa akun saya banyak banget batas aktivitas!!!;;
Lutfi;3;16/10/2024 12.31;bug nya menyebalkan;;
Jesika Lusiana;2;16/10/2024 12.26;instagram aku kok ngak bisa follow lagi yah â˜¹ï¸ğŸ’” udah lama banget ngak bisa follow akun teman-temanku SedihğŸ˜¢ banget , tolong yah perbaiki instagram aku plissğŸ˜­ğŸ™ğŸ»ğŸ™ğŸ»ğŸ™ğŸ»ğŸ™ğŸ»;;
Imam Bondowoso;5;16/10/2024 12.25;Aplikasi yang sangat bagus;;
Fatwa Achmadian Syah Finsyah;4;16/10/2024 12.23;You know me so well, you know laah !!!;;
13 Kalviyan Ixc;1;16/10/2024 12.22;Ini kenapa belakangan ini kayak lag memuat trus, postingan nya susah muncul nya/ tidak kelihatan? Padahal sinyal lancar full, kuota banyak, wifi on jaringan bagus, kenapa kok kayak lag dan memuat lama bnget posting postingan nyab;;
Muslih Abadi Rokhmat;2;16/10/2024 12.21;Aplikasi dengan keamanan yang rendah . Masa beberapa akun saya hilang semua . Menyebalkan .;;
Zamal Nasution;5;16/10/2024 12.21;ğŸ‘ğŸ‘ğŸ‘ğŸ‘ğŸ‘ğŸ‘ğŸ‘ğŸ‘ğŸ‘ğŸ‘ğŸ‘;;
Mihra Mihra;4;16/10/2024 12.21;Saya ingin tahu lebih banyak fiturnya;;
Achho Jho;5;16/10/2024 12.17;Aplikasi nya jelekğŸ˜…;;
Sandy Handler;5;16/10/2024 12.16;Favoritku wlau nguraas kuota;;
Marni Marni;5;16/10/2024 12.15;ğŸ˜ğŸ“¸, ğŸ™„ğŸ˜³, ğŸ–¼;;
Falen Naura kalista;5;16/10/2024 12.12;Sangat bagusssğŸ‘ğŸ‘ğŸ‘;;
Fernando Fernando;3;16/10/2024 12.12;Aplikasinya udh bagus ,cmn harusnya ditambahkan fitur yang unfoll jadi tahu siapa saja yang unfoll;;
Jef Fry;1;16/10/2024 12.11;bug seperti tidak ada sinyal padahal banyak;;
Santri Yuspitasari;5;16/10/2024 12.10;Aplikasi yg sngt bgus;;
ciaa hendrik;5;16/10/2024 12.09;Bgs sa;;
Yatno;5;16/10/2024 12.08;Instagram ini bagus;;
Anindya Fitri;1;16/10/2024 12.08;Lelet jaringan;;
Sangga Yp;5;16/10/2024 12.07;sangat bagus;;
Tohari Tohari;5;16/10/2024 12.06;bagusa;;
tiwie wulanda;3;16/10/2024 12.06;Tiap hari pembaharuan mulu ... Udah gitu buat vc malah gak bisa setting gantian gambarnya;;
Kadek Dwiky 05;1;16/10/2024 12.06;WOE AKUN GWEH KOK GABISA LIVE;;
Asep Tata;5;16/10/2024 12.01;Sangat bagus;;
Assalam Pati;5;16/10/2024 12.00;Cakep;;
Menduang City;1;16/10/2024 11.58;Jelek;;
Cherlyn Noviora;2;16/10/2024 11.53;apk nya sering ngebug eror terus;;
DeRisha_;5;16/10/2024 11.51;Keren;;
Rindang Adi Rosadi;5;16/10/2024 11.46;Video dan photo jernih;;
Siti Nurr;1;16/10/2024 11.45;Update mulu tp blm bisa reset sandi akun yg lupa password;;
indriyati madina;5;16/10/2024 11.44;Sangat baik;;
Andreas Pratama;1;16/10/2024 11.43;Ey akun saya hilang;;
Sulaiman;5;16/10/2024 11.42;Makasih saya ingin berkembang konten rells nya dan kedepannya;;
Fahri Ramdhani;5;16/10/2024 11.41;Nice;;
MARITAH MARITAH;5;16/10/2024 11.40;Main nya bagus bgt;;
Dwi Ismanto;5;16/10/2024 11.39;Oke;;
Sarinta Sitanggang;5;16/10/2024 11.39;Good apk;;
Randi Riski;5;16/10/2024 11.37;Nice;;
STVG 08;4;16/10/2024 11.37;Lumayan puas sih tapi skrng agak ribet kalau mau salin link nya nga kaya dulu simpelğŸ™ğŸ™ğŸ™;;
peler rk rowrr;5;16/10/2024 11.35;Bagus bgt aseliii cuyyy;;
JarCoks Official;1;16/10/2024 11.35;Lol ngeleg;;
the jack;5;16/10/2024 11.30;bagus;;
Natasya Faridatun5;5;16/10/2024 11.29;Sangat baguss;;
Akmaluddin Sidik;1;16/10/2024 11.25;Kualitas upload sangat jelek. Video saya yang jernih. Tapi setelah diupload di instagram malah jadi pecah. Tidak jernih;;
Marcelino Fransisco;5;16/10/2024 11.25;Kerennn;;
Brio Properti;5;16/10/2024 11.22;Menyenangkan;;
bagos gaming;1;16/10/2024 11.19;Ig sering eror saya siaran langsung gabisa post ngak membahayakan kena pelanggaran karena membahayakan tolong di perbaiki lagi sistem sistem di Instagram dan fitur fitur nya;;
Ad Gunawan;2;16/10/2024 11.19;Ig sy udh diupdate kok malah kembali ke versi lama sih,dan terakhir diupdate pada 2023;;
Ahmad ajh;5;16/10/2024 11.18;Mantap;;
Photo Cell;5;16/10/2024 11.12;Baguss bgttt;;
Panji Nurdianzah;4;16/10/2024 11.07;"Maaf baru bisa ngasih bintang 4 soalnya tema dm instagram gabisa di ganti pake muka tetanggaku yang cantikk nan imoetttt kalo gabisa kann jadi rugii,, nanti kalo udah bisa panji kasih bintang 5+komen ""top"" + emoji sip";;
muhammad robbi;1;16/10/2024 11.06;Apaansi jadi susah login gini;;
iDea Apple Depok;5;16/10/2024 11.02;Sangat baik dan berguna;;
Parayoga Apra;5;16/10/2024 11.01;Ok baik;;
Tjung Purnama;1;16/10/2024 11.01;Siang minta update, udh diupdate, sore minta update lagi ???;;
Hayam Jago;1;16/10/2024 11.01;Bug doang;;
Amel Septiani;5;16/10/2024 11.00;bagus;;
Supandi Golonggomo;5;16/10/2024 10.57;Keren ,sangat memantu, ada banyak motivasi saya temukan di Instagram sekarang;;
Fajrisa Maulinawati;5;16/10/2024 10.57;Aaaaa ini sangat kerennnn baungettt please ğŸ¥º;;
Destha daweng Daweng;5;16/10/2024 10.56;ğŸ’«;;
Laila Zyla;5;16/10/2024 10.55;bagus fitur nya;;
Yohanes Tena;5;16/10/2024 10.46;The best;;
Suhartono Christina Atmosoewito;5;16/10/2024 10.44;Lancar, menyenangkan;;
Fitri Amelia;5;16/10/2024 10.44;Pasang App Instragram;;
Bilal M;5;16/10/2024 10.40;dari segi manapun saya suka, i like itğŸ˜…;;
Sulanto Lanto;1;16/10/2024 10.40;isshhh instagram jelek;;
anisa dewi nur safitri;4;16/10/2024 10.39;Mantab tapi sering update tmbh besar penyimpanan;;
Abid Fadhil;1;16/10/2024 10.35;Daftar?;;
Tiara;5;16/10/2024 10.35;bag us banget;;
Cleo Alfaiz;2;16/10/2024 10.34;knp caption tidk muncul;;
Farhan Ardiansyah;5;16/10/2024 10.30;aplikasi ini sangat bagus banget ini filter nya bagus semua cocok ini aplikasi buat foto foto karna aplikasi ini sangat bagus dan saya suka liat aplikasi ini;;
Okih sulaiman badry;5;16/10/2024 10.29;Trmksih sdh mnjdi jmbtn untuk ttp bisa terhubung dengan orang terjayh;;
Yanto Ajah;5;16/10/2024 10.27;Apik;;
Po Yati;5;16/10/2024 10.24;Pasang app Instragram;;
asan syach;5;16/10/2024 10.24;Semoga Ig saya normal lagi;;
mubarok Sahril;5;16/10/2024 10.23;Sangat bagus dan sangat baik;;
Khatmi Kasidi;5;16/10/2024 10.23;Kenapa tiba tiba GK bisa di buka ya;;
Sonny Mangasa;5;16/10/2024 10.21;Sangat mewah;;
Hasmi ati;1;16/10/2024 10.21;Aplikasi asu gw padahal udah coba buat akun udah coba 10x TPI GK bisa bisa ngotak dikit buat aplikasi nya anjg nyesel gw cobain ni aplikasi burikkkkkkkkkkkk;;
Fagit Romadhon;5;16/10/2024 10.18;SlebewwwğŸ”¥;;
Fira Fira;5;16/10/2024 10.18;Arjuna Suwakul;;
Maharani Sofa;1;16/10/2024 10.16;Gimana ini kenapa tiba tiba akun saya di tangguhkan tanpa alasan ,saya tidak upload yang aneh aneh ,kenapa tiba tiba di tangguhkan ,saya ajukan banding tapi muter muter terus;;
Op Wasti;4;16/10/2024 10.07;Sya sgt suka pda aplikasi ini;;
NANDA FIRMANSYAH;5;16/10/2024 10.07;Good :);;
Esca Hutama Prayoga;1;16/10/2024 10.06;akun dikunci sscara sepihak,verifikasi video ga bisa,login ngeblank hitam.dibenerin ga bisa,aneh instagram sekarang.;;
Reno Wahyu Hidayat;1;16/10/2024 10.06;bug mulu yatim;;
medist maya;5;16/10/2024 09.59;Top;;
Masliana Saad abdat;5;16/10/2024 09.59;Good;;
Fachrul Azhari;5;16/10/2024 09.58;thanks instagram;;
Salman Maraya;1;16/10/2024 09.57;Keluar mulu;;
Dedy Elizah;1;16/10/2024 09.54;BURIIKKKKK SUKAAA NGEBUGG;;
fauziah ashry16;3;16/10/2024 09.51;TIDAK BISA DI UPDATE!;;
Restu Suryanto;5;16/10/2024 09.49;ok;;
ABD WAHID;5;16/10/2024 09.46;the best;;
Ricky Setiawan;2;16/10/2024 09.45;Device saya setelah update ke Android 15, fitur stories pada aplikasi mengalami gangguan (freeze) ketika mencoba melihat stories selanjutnya . Tolong diperbaiki;;
Faiz Ahmad;5;16/10/2024 09.45;Sangat bagus untuk relasi dan komunikasi;;
Yusrizal Yunus;5;16/10/2024 09.44;Mantap;;
Alfiana desi;5;16/10/2024 09.43;Bagus bgttr;;
Yati ch;3;16/10/2024 09.36;Aplikasi bagus sih, tapi kenapa saya tidak lagi bisa membagi link video, disuruh update, pas saya buka instagram lewat playstore tidak ada pilihan tuk update cuma uninstal sama buka pilihannya tolong bagaimana ini solusinya;;
Riskamyyzapratiwi;1;16/10/2024 09.36;Aplikasi jelek.;;
Rahayu Intan;5;16/10/2024 09.35;saya memberi bintang lima karena aplikasi ini bagus dan jarang ngeleg di saya;;
Marselluvia Marsel;5;16/10/2024 09.33;Aki suka sama intangam ini;;
larabudi Wanci;5;16/10/2024 09.32;Bgus bnget untuk mengunggah foto' kitaağŸ˜ğŸ˜ğŸ˜˜;;
randi rustandi;1;16/10/2024 09.25;Cuma aplikasi ini yang lemot, aplikasi lain lancar, aneh aja;;
Salsa Bila;2;16/10/2024 09.23;Gak bagus;;
Dedi Oding;1;16/10/2024 09.23;Kalo donlot lama banget sampai 2 hari ğŸ˜ ğŸ˜ ğŸ˜ ğŸ˜ ğŸ˜ ğŸ˜ ğŸ˜ ğŸ˜ ğŸ˜ ğŸ˜ ğŸ˜ ğŸ˜ ğŸ’€ğŸ’€;;
ambo alang;1;16/10/2024 09.18;gak bisa di downlood jelek bangetğŸ˜’;;
renggahebat 123;5;16/10/2024 09.05;Anto;;
RAFITA SELFIANA;4;16/10/2024 08.59;Karna bagus bagus efek nya;;
Pratama Han;5;16/10/2024 08.59;Puas dengan kerja IG,,,cma bantu tambahi fitur pengeditan vidio nya biar tambah cantik;;
Oliv;1;16/10/2024 08.58;"apk gajelas, suka ngebug tiba"" akun di tangguhkan padahal gabuat konten aneh"" kalo blm bisa buat aplikasi gausah buat lah";;
Tiro Pratama;5;16/10/2024 08.58;Mohon maaf sebelum nya Giman saya mau laporan soal akun saya yang terkunci ketika di masokkan id samaa pasword nya keluar putih saja layar hp nya mohon konfirmasi nya;;
Muhamad Kholid;5;16/10/2024 08.58;Seru;;
Fery Tanjung;5;16/10/2024 08.55;Ok , bagus;;
frayenggy handoko;5;16/10/2024 08.54;Dobleh;;
agus sugianor;5;16/10/2024 08.52;Ya begitulah beginilah ya;;
Muhamad Yunus Fauji;5;16/10/2024 08.44;Bagus;;
erlin awl;2;16/10/2024 08.41;setahun gak ig an , balik lagii kangen ğŸ™ˆ;;
heidy putri;1;16/10/2024 08.41;Hey Instagram atau meta atau apalah. Kenapa akunku di tangguhkan? Ga pernah komen tiba2 di tangguhkan. Sudah ajukan banding tapi kodenya ga pernah di kirim ke email atau WhatsApp. Dan tiba-tiba akunku hilang permanen. Apa maksudnya?;;
Herson Pello;5;16/10/2024 08.40;Baxk hal yg luar biasa di aplikasih iniğŸ˜‡;;
Alfiyyatus Syifa;5;16/10/2024 08.38;baikkkk tpi kdg lola;;
Suwanto;5;16/10/2024 08.34;Ya mantaap;;
Yety Novriani;5;16/10/2024 08.28;Sangat cocok untuk saya;;
Dhidi Riyadi;4;16/10/2024 08.25;Terlalu banyak video dewasa atau 18+;;
Aldi Alfandi;3;16/10/2024 08.24;Knpa kok tiba-tiba lemot aplikasi nya gk lancar padahal jaringan nya bagus;;
Ando simbolon;5;16/10/2024 08.24;Saya suka aplikasi ini;;
Ari Subekti;3;16/10/2024 08.23;Buat upload video lambat;;
Koplak Crazy;5;16/10/2024 08.20;Menurut saya apk ini cukup memuaskan, namun ada beberapa fitur-fitur yang ngebug atau ngelag walaupun jarang tapi itu sangat mengganggu. Dan juga update yang diberikan sangat memuaskan, itu pendapat saya;;
Hendra Haryanto;5;16/10/2024 08.19;Bagus;;
Nur Siti;2;16/10/2024 08.18;Baik;;
Yudha Pratama;1;16/10/2024 08.17;Aplikasi gajelas sering eror;;
Hayya Afiatun;5;16/10/2024 08.16;. .;;
Halima Tunsadiah jakfar siddiq;5;16/10/2024 08.14;Halimah. Org. Com;;
Fahad Hasani;4;16/10/2024 08.11;Saya tidak bisa melihat komentar di SG padahal udah saya update;;
Windy Wulan sary;5;16/10/2024 08.09;Aplikasi yang bagus sekali;;
Alvin Bambang Saputra;5;16/10/2024 07.59;Sayang sangat bangga banyak konten inparatip dan menyenangkan;;
Raziq Qq;5;16/10/2024 07.58;Bagus;;
YUDI YUDI;5;16/10/2024 07.57;Musik;;
Olantiana Sarti;5;16/10/2024 07.54;Sangat cocok untuk digunakan;;
Pengguna Google;5;16/10/2024 07.53;Semoga fitur arsip jgn dihilangkan yahâ˜ºï¸;;
Irvan Hakim Anwar;5;16/10/2024 07.53;Keren, sekarang bisa hasilin uang;;
Eza Fahreza;4;16/10/2024 07.50;Kenapa instagram sekarang banyak banget iklan situs judi online nya?ga enak banget ngeliat nya, jdi tolong blockir semua iklan yang kalo ngeliat story org muncul iklan situs judi online nya, ga nyaman banget ada iklan seperti itu tolong di blockir iklan situs-situs judi online nya;;
Devii Itta;5;16/10/2024 07.49;kintil;;
Suci Ramadiana;1;16/10/2024 07.48;Apaan dah dikit dikit error, udh brp hari malah lemot gabisa buka postingan sm story orang! Pdhl buka yg lain lancar gaada lemot nya, masa nyalahin sinyal? Udh uninstall, log out dll di coba ehh tetep aja gitu!;;
agan mohammed;1;16/10/2024 07.46;Update mulu;;
Highlights Game;1;16/10/2024 07.45;Gak jelas,kuota banyak sinyal bagus tapi gak bisa muter video;;
Muhamad ibrahim;5;16/10/2024 07.42;apk yg luar biasa;;
Bangwir;1;16/10/2024 07.40;Masih terdapat bug pada tema gelap, dm ig aneh, tidak bisa pause video reels, musik di profil ig saya suka menghilang;;
Gina Gino;5;16/10/2024 07.32;Ini aku baru dowload lagi instagram nya, aku dah lama dowload instagram tapi ko gk bisa buka filter;;
Pangkalan Gito;5;16/10/2024 07.24;Menakjubkan;;
Dedi Suhendra;1;16/10/2024 07.14;Saya kasih bintang 1, apk nya jelek banget. Masak dari jutaan manusia gak ada yg dm sayağŸ˜;;
Dewi Setiawati;5;16/10/2024 07.09;Ini sangat bagus,,dan sangat mudah dan membantu semua berkomunikasi dan mengenal semuanya;;
Raissa Putri apriliani 123;2;16/10/2024 07.09;ada mslh teknis;;
Al Fais Rohman;5;16/10/2024 07.08;ğŠğ„ğ‘ğ„ğ;;
JUSTIN HAREFA;5;16/10/2024 07.05;Ulasan yang baik buat apk ini;;
Tedy;5;16/10/2024 07.03;Good;;
Nora Riskina;1;16/10/2024 07.01;Saya rajin update IG supaya bisa mengikuti perkembangan fitur terbaru. Tapi baru-baru ini kok suka nge Bug gak jelas. Nge lag gak jelas. Gak bisa liat story dan postingan orang2 padahal jaringan internet lancar2 aja. Sudah uninstall dan install ulang berkali-kali tetap sama aja. Instagram ada masalah apa ya? Bikin kesel dan malas buka ig jadinyağŸ˜©ğŸ‘ğŸ»;;
Kiki Febria (Kiki);2;16/10/2024 07.00;Kok gak ada foto di postingan sih, balikin dong;;
Ramadan;5;16/10/2024 06.59;Instagram ini berguna banget bisa menulusuri orang dari luar sana misal nya teman kita bisa bales pesan dari jauh;;
RANDI RANDI;5;16/10/2024 06.57;Sangat berguna bagi saya..;;
sanusi Muhammad;5;16/10/2024 06.56;Nice Apk;;
Widi AriskQi;5;16/10/2024 06.55;Terbaik;;
Andi Saepul;5;16/10/2024 06.51;Mantap poll;;
Rinaldi Damanik;5;16/10/2024 06.50;Sangat cocok untuk Anda;;
Riko Inderson;1;16/10/2024 06.49;Semakin buruk Update story sampai berjam-jam;;
Aditya Pratama;5;16/10/2024 06.48;Tidak biasa melihat vidio+foto;;
Krisna hadi Saputra;1;16/10/2024 06.47;postingan cuman muter-muter sinyal susah pokoknya kalo buka instagram, sedangkan buat apk lainnya lancar mohon di tindak lanjutkan;;
Rifki Juniar;5;16/10/2024 06.47;Bagus;;
mayang ana putri;4;16/10/2024 06.41;Gimana ini kok ig saya gk bisa memuat kabar baru ya,,, tolong di tindak lanjutin. Makasih ğŸ™ğŸ™;;
Holy Church;4;16/10/2024 06.40;BerD0a BerSyukur Memuji dan Menyembah TUHAN YESUS KRISTUS penuh KUASA Ajaib Hebat Dahsyat dan Luarbiasa Selalu memberi Mujizat keSelamatan KeSehatan Pemulihan Ekonomi keuangan Ber-limpah2 dalam kehidupanmu Amin ğŸ™ By Yehuda Aput Saputra;;
Rian Saya;5;16/10/2024 06.37;bagus;;
Putri Molamahu;5;16/10/2024 06.34;Bagus;;
Ibnu Okta setyawan;5;16/10/2024 06.34;ğŸ—¿;;
Icut Chan9878;5;16/10/2024 06.33;Bgus;;
muhammad Fikry;5;16/10/2024 06.30;Sangat baik;;
Outter;1;16/10/2024 06.30;Ni kenapa dah Instagram aneh, akun gw kena suspend 2Ã— padahal ga ngapa-ngapain, upload foto aja jarang, apanya yang melanggar komunitas coba, masa gw harus upload tiap hari gitu stres, plis lah perbaiki masa tiap buka Instagram harus ngajuin banding mulu, pegel kepala di suruh selfi kanan kiri atas bawah;;
Marcel Simanjuntak;5;16/10/2024 06.27;Keren;;
Frans Tra;5;16/10/2024 06.27;Sangat baik Skaliâ˜ºï¸â˜ºï¸â˜ºï¸;;
ganesha kebumen;5;16/10/2024 06.23;I Love This App;;
Babon 137;4;16/10/2024 06.21;Jossss;;
Syifa Islami Auliya Qolbi;4;16/10/2024 06.18;tidak bisa mereplay foto untuk (balasan anda);;
Purnama Wati;5;16/10/2024 06.15;Instagram make a foto & video be amazing ğŸ˜ŠğŸ‘ğŸ˜;;
Wisnu Ramdhani123;5;16/10/2024 06.12;Bgus;;
Hadi Prasetio;2;16/10/2024 06.12;Lag leg;;
Fir Ajjach;5;16/10/2024 06.07;Aplikasi ini sangat mudah dan ngebantu bangetz;;
Kiya;5;16/10/2024 06.07;Kerenn;;
Ninda Noveanda;4;16/10/2024 06.03;Mantap;;
Riska Anggraeni;1;16/10/2024 06.01;Baru install lagi ga bisa masuk ke akun lama, error terus;;
Sapri Tikka;5;16/10/2024 06.01;membantu dalam Pekerjaan;;
Siti Rabiah;5;16/10/2024 05.54;Aplikasinya sangat bagus, tapi saya belum download ğŸ˜…;;
Jaina Intan;1;16/10/2024 05.47;instgram banyak masalah saya baru membuat akun sudah diajukan banding padahal saya membuat akun pribadi tolong selesai masalah ini pihak instgramğŸ˜“;;
Haikal Maulana;5;16/10/2024 05.45;Suka;;
Jiro Harutogin (Asher);5;16/10/2024 05.40;Saya suka aplimasi ini;;
Sunu Handoko;5;16/10/2024 05.38;Instagram memang mantap, semoga akun saya bisa bermanfaat buat banyak orang. Amin;;
Adi Purnama;5;16/10/2024 05.33;Macet;;
Nando Padilah Fajar;5;16/10/2024 05.31;Yang make Telkomsel apa Ig nya ngeleg?;;
Bedul Pusing;4;16/10/2024 05.27;kadang bagus sinyal nya kadang jelek;;
Yusuf Arifin;1;16/10/2024 05.16;IG sekarang jadi aplikasi busuk.;;
Salman777 Salman666;5;16/10/2024 05.15;Mantapppp;;
27_ Raja Alfa Destianto;1;16/10/2024 05.15;Tiba tiba banyak banget akun yang ke suspend tanpa alasan yang jelas!!;;
Hasna Inha;5;16/10/2024 05.15;Sangat bagus dan sangat membantu;;
febry ciungg;5;16/10/2024 05.12;Ok;;
Rizal Assenttuli;5;16/10/2024 05.09;Mantp;;
Sopi Sopiyanti;4;16/10/2024 05.06;Kenpa saya udah 1 Minggu tidak bisa menggunakan aplikasi Instagram ini;;
Mc Dhoni;4;16/10/2024 05.01;Ini app kalo blum update pasti ngebug;;
Gober Prihatin;5;16/10/2024 04.58;Aplikasi yg ssngat bagus;;
Muhammad Siddiq;5;16/10/2024 04.58;ğŸš€ğŸš€;;
sadar Sadar Sadar;1;16/10/2024 04.57;Instagram ini model lama.. Saya tdk bisa mencari efek terbaru;;
Irmawati Suhari;5;16/10/2024 04.52;Good;;
Gtau Y;1;16/10/2024 04.51;Saya sangat kecewa kenapa Instagram meloloskan postingan mengarah ke seksual apalagi yg posting akun anak-anak , dengan tag ajakan seksual, Instagram ini kan banyak dikonsumsi dari anak-anak hingga orang dewasa,jadi lebih di perketat tentang postingan yang mengarah ke seksual, seharusnya di blokir jangan hanya di hapus postingan nya Krn si pemilik akun bisa memposting kembali.;;
Keyla Keyla;5;16/10/2024 04.50;Saya sangat suka dengan instagram;;
Sanusi;4;16/10/2024 04.49;Bagus;;
Rahmat hendry Hendry;5;16/10/2024 04.45;menjelajah;;
Ahmad Jaenudin;5;16/10/2024 04.39;IG best;;
Nur Rahma;5;16/10/2024 04.37;Karena bagus dan bisa untk mencari teman atau membuat postingan tentang sesuatu yang kita mau;;
Yudha Prasetyo;5;16/10/2024 04.34;Mantap mantap;;
Nadya Anom;1;16/10/2024 04.31;Ngelag trosssss gaguna semuanya patah2 udah di update masih patah2 pdahal buka aplikasi lain lancar2 aja;;
addiwijaya27;5;16/10/2024 04.26;Aplikasi nya keren banget;;
Slamet Riayadi;5;16/10/2024 04.25;Ok;;
Mery Durakal;5;16/10/2024 04.22;Gaga;;
octa Tya;5;16/10/2024 04.10;Luar biasa;;
Abdul Kahpi;5;16/10/2024 04.08;The best for evers;;
Usman Fauzi;5;16/10/2024 04.02;Terima kasih Instagram;;
rani rudi;5;16/10/2024 04.01;Mantab x;;
Adom Abah adom;1;16/10/2024 04.01;Bgus Memuas kn;;
LOW LOW;5;16/10/2024 03.53;Ok;;
Dasim Damara;5;16/10/2024 03.50;Ok;;
Emah Suhaemah;5;16/10/2024 03.47;Ok;;
Eka Novita fitri;1;16/10/2024 03.44;kenapasih gak bisa buat akun !!! huuu Instagram sekarang makin jelekğŸ‘ğŸ‘ğŸ‘;;
Shafa Nadia;4;16/10/2024 03.44;Lumayan;;
Mashudi Munandar 9913;3;16/10/2024 03.38;Bisa gak sih, fitur kirim post ke temen itu nama akun jangan deket deket, dan pfp nya jangan bulet bulet, sering kepencet akun orang lain pas mau kirim pake 1 tangan, akhirnya kekirim ke orang lain juga;;
Khusni Yatin;5;16/10/2024 03.35;Kenapa sudah 5hari ini tidak bisa buat story vidio gak bisa buat postingan/release?;;
Candra Suga;5;16/10/2024 03.34;Bagus;;
Sri Wati;5;16/10/2024 03.33;Asik yaa;;
sayang Oki;5;16/10/2024 03.31;Cika;;
S R M;5;16/10/2024 03.24;Semoga segera dapat monetisasi dari Instagram.. Suka main Instagram apalagi fiture di Instagram makin banyak yang bagus dan free..;;
Master boy;5;16/10/2024 03.22;Aplikasi nya bagus dan cerah ayu download aplikasi nya;;
Ade Setiawan;5;16/10/2024 03.18;Mantap jiwa;;
Rio Putra;5;16/10/2024 03.14;Bagus;;
Dimas Saputra;1;16/10/2024 03.10;Gabisa di buka cok,ngelag ig nya padahal gua ada paket data napa ga bisa di buka mala loding Mulu lah Cok kesel gua;;
Rafa Gagah;1;16/10/2024 03.03;padahal kouta gw lancar tapi di apk nya malah ngelag aneh;;
Exhe;5;16/10/2024 03.02;Nice;;
Nurman Syah;1;16/10/2024 02.55;Sudah 3 hari jaringan di instagram lag parah padahal buat streaming di youtube atau tiktok sinyal lancar saja;;
Andhi Ka;4;16/10/2024 02.54;Ig ku kenapa gk bisa masuk;;
Balda Ch Pelafu;5;16/10/2024 02.53;keren;;
Muziyanti YAnti;5;16/10/2024 02.49;Aplikasi bgus;;
didik_ cahyo;1;16/10/2024 02.47;Muter muter terus gak jelas lelet;;
ANNISS MASDIN;5;16/10/2024 02.44;Bagus;;
Agung Priana;4;16/10/2024 02.43;Mntab;;
Puri Wulandari;1;16/10/2024 02.40;karena saya tidak bisa masukkkkğŸ˜ ğŸ˜ ğŸ˜ ;;
swag king;1;16/10/2024 02.38;video reels patah patah, sering frame drop;;
Abdul Rahman;5;16/10/2024 02.33;sangat bagus ğŸ‘;;
Agustina Huby;5;16/10/2024 02.32;Trimakasih aplikasi ini sangat menolong saya;;
Tina Gondangdua;4;16/10/2024 02.31;banyak konten yang bermanfaat inspiratif;;
Kadek Buana;1;16/10/2024 02.25;Dahlah akun ku hilang gara gara Instagram ğŸ˜”ğŸ˜”;;
Falen Tina;5;16/10/2024 02.22;Sangat tertarik dengan APL ini;;
yuriko;5;16/10/2024 02.20;Sangat Bagus;;
Puji Wahyuni;1;16/10/2024 02.20;Kenapa ya aku tuh mau buat akun Instagram yang baru ehhh malah ada kesalahan teknis bikin emosi aja padahal udah beberapa kali aku coba tapi hasil nya nihil padahal udah aku mulai ulang ğŸ˜‘;;
Aji Pranoto;5;16/10/2024 02.15;Saya sangat suka bermain Instagram,sebab menambah wawasan & pengetahuan berita2;;
Kentang Kentang;1;16/10/2024 02.08;apelikasi nya tidak berguna bagi kerakyatan yang dipimpin oleh keadilan sosial ketuhanan ketuhanan yang maha esa;;
Umam Kasdu;5;16/10/2024 02.08;The bast;;
febrianti diah hapsari;3;16/10/2024 02.00;Aku memanfaatkan Instagram dengan mengikuti kuis , pada waktu itu aku ikutan kuis dan menjawab gatau kenapa katanya komenku akan dihapus tapi aku seharian gabisa buka IG aku mau mengajukan banding mau bilang salahku dimana tapi dengan IG tidak salah dianggap salah akhirnya aku terima saja cuma tetepa aja ga terima ikutan kuis jawab pertanyaan inii bukan komen di akun orang yang hate komen mohon deh jgn begini ya IG semoga kedepan lebih baik lagi;;
Setiyana Yana;5;16/10/2024 01.55;Mantap.;;
Abdul Rahman;3;16/10/2024 01.48;tolong dev, ini punya force close teross;;
Ilham Taufik;5;16/10/2024 01.42;Gimana cara nya biar bisa lagiğŸ˜­ğŸ¥º;;
Nuri Agustina;1;16/10/2024 01.32;ğŸ‘;;
Heri Yanto;1;16/10/2024 01.26;abis upgrade malah lemot. maaf ini mah;;
Ryan Patric John;1;16/10/2024 01.25;Setiap posting foto sekarang knp jadi gak bisa lagi fitur landscape pada semua nya harus fitur potrait ğŸ˜  Tolong di perbaiki apk Instagram nya semakin lama semakin di update malah kek ngebung kya begini sialan ğŸ˜¡ğŸ¤¬ sama juga kalo mau me repost tag orang gak ada musik nya;;
Alim Kjr;1;16/10/2024 01.20;Instagram terkenal karena eveknya bukan aplikasinya ya hhahahkwkwkw ğŸ¤£ğŸ¤£ kasian hahaha.;;
Udin Mahpudin;5;16/10/2024 01.20;Saya senang;;
wahyu Lenchu;2;16/10/2024 01.20;Kenapa reels nya ga bisa discroll / di refresh;;
Candy Bear;1;16/10/2024 01.19;Stress. Reels aja dibatasi;;
Sulis Lope;5;16/10/2024 01.09;Sangat bagus;;
Niel aja;5;16/10/2024 01.08;Selalu seru dan exited menggunakan layanan aplikasi instagram dengan kualitas gambar dan video yang jernih;;
Gandhi Pratama;2;16/10/2024 01.07;Ig Belum berguna di aku, Caranya dapet uang di ig gimana yak?;;
Melisa;2;16/10/2024 01.07;Tlong lah udh brkali2 nglporin gk ada balesan knpa gabisa liat story orang cuma loading trus aplg pas nnton reels cuma muter2 doang pdhl Kouta sinyal ada bgus2 gliran buka apk lain lncar2 aja cuma Ig doang yg bug ini gmn tlong yaaa!!! GK nyaman bgt;;
Siap Sipaling;5;16/10/2024 01.06;Best;;
SUPRIYANTO YSB;5;16/10/2024 01.04;ğŸ‘;;
Thea Setiawati;5;16/10/2024 01.00;Oke...;;
Putri Meccasafa;2;16/10/2024 00.59;gaa bisa buka sg , macetÂ² pdhl sinyal full;;
Wawa Yua;5;16/10/2024 00.59;Bagus sekaliiiiiiiiiiiiiiiiii!!!!!!!!!!!!!!!!;;
Muhammad Raihan;3;16/10/2024 00.54;"ini kenapa ya? semenjak di update jaringannya jadi nge lag"" padahal waktu saya buka aplikasi lain itu jaringanny lancar tolong pihak instagram";;
Minda Yanti;5;16/10/2024 00.42;Saya sangat suka;;
M A A;5;16/10/2024 00.33;ğŸ‘;;
Gradiana Stellamaris;1;16/10/2024 00.33;REELSNYA GA BISA DIREFRESH!!?? UDAH BOLAK BALIK MASIH NONTON VIDEO YANG SAMA. KENAPA SIH!????;;
Rongi Saputra;5;16/10/2024 00.32;Saya hanya pedagang kecil-kecilan;;
febrian hattu;5;16/10/2024 00.31;ğŸ’•;;
Muslimin Asry;3;16/10/2024 00.25;Boleh;;
Jonathan Aditya;5;16/10/2024 00.22;Bagus dan teruskan perkembangan nya;;
Fatkhul Go;5;16/10/2024 00.21;Aku suka pakai aplikasi ini;;
Eli Darni;5;16/10/2024 00.20;Bagus;;
Dimas Nur;1;16/10/2024 00.19;Ampas sering ngebug;;
Sapph Ikangoreng;1;16/10/2024 00.18;udh di refresh tapi masih sama aja postingan nya ğŸ˜¹;;
Eka vidia Fatmawati;1;16/10/2024 00.17;sering ngebug;;
P. Tegak;5;16/10/2024 00.08;Puji Tuhan... Engkau beri aku waktu hidup di era yang serba canggih seperti saat ini, sehingga bisa berbagi sukacita kepada teman, sahabat, kerabat, saudara, dan siapa saja tanpa batasğŸ¤²ğŸ¤²ğŸ¤²ğŸ™;;
Maulidya AlHanafie;4;16/10/2024 00.00;Kenapa sering ngadat ya padahal sinyal bagus data bnyak;;
Abdur Rouf;5;15/10/2024 23.55;Instagram aplikasi yang sangat is the best;;
alvian pratama;3;15/10/2024 23.52;a9kğŸ‘;;
Febi Wicaksana;3;15/10/2024 23.50;Aplikasi ig ini bagus Untuk mngetahui berita nasional maupun internasional Mantap poko nyak;;
Silvia Yulianti;5;15/10/2024 23.47;Aku suka banget sama aplikasi ini;;
Edhy Shongka;5;15/10/2024 23.37;Aplikasi yg direkomendasikan;;
Syazwan Rizky alhabsy;4;15/10/2024 23.37;akhir akhir ini ig sering ngelag kalo mau repost vidio orng yang ngetag kita suka tbtb ga ada suara nya ,tolong dong pihak ig di perbaiki lagiiğŸ™ğŸ™;;
Devierra Aurellyn;1;15/10/2024 23.35;Aju banding mulu padahal ga ngapa ngapain;;
Ilham dzikri;5;15/10/2024 23.30;Keren;;
Sa'id Itqonul Himam;5;15/10/2024 23.28;Good;;
rifky malik01;1;15/10/2024 23.27;Add request friends ...;;
Farhan Farel;5;15/10/2024 23.09;Keren;;
Angahpdk Sinaro;5;15/10/2024 23.08;Mantaap indah;;
yusup maulana;5;15/10/2024 22.55;Lebih luas dan ramai ke seluruh dunia;;
Rangga Rangga;5;15/10/2024 22.46;Manntap;;
Sulis tia Agustin;1;15/10/2024 22.45;Napa si IG sekarang, mosting dikit aja d sangka spam trs postingan yg udah d post tuh d hapus sama IG, gmna si sekarang IG sejelek itu, padahal kontennya tidak mengandung apapun yg berbaur keburukan, konten nya cma fto biasa sma vidio biasa. Jelek banget IG!!;;
Hadi Febryan;5;15/10/2024 22.43;Karena seru melihat hal hal yg menarik dari Instagram;;
aghisna okok;5;15/10/2024 22.28;Bagus banget;;
Osviani;5;15/10/2024 22.21;Aplikasi yang bagus;;
HUSNUL MUBAROK;5;15/10/2024 22.20;Top bagus sekali;;
Sri nur Anggraeni;5;15/10/2024 22.19;bagus bangett inih instagram nya aku suka;;
Dadang;2;15/10/2024 22.17;Serius lag parahhh;;
Satrio Purnama;1;15/10/2024 22.07;Ngeleg terus lemot;;
Virgo Girl;1;15/10/2024 22.04;Wahai developer dan pemilik Meta. Saya harap perlindungan akun yang sudah tidak terpakai hapus saja. Jika ada akun yang tidak aktif alangkah lebih baik jika Meta hapus akunnya saja. Akun di IG dan FB harusnya sudah terhapus tapi ini masih ada. Mohon kerja samanya ya.;;
fernando umbu;5;15/10/2024 22.02;Aplikasi yang sangat luar biasa ğŸ™;;
Novianti Rienaldy;4;15/10/2024 21.41;Aduhh knp sih sering bgttt update. Jd Instagram nya suka erorr, blm lama update, ini update trz ğŸ˜ª;;
Hariyadi salaksa;5;15/10/2024 21.19;Pengalaman adalah pelajaran yang paling berharga;;
Izhabella Felichia;5;15/10/2024 21.12;Instagram terbaru;;
Akun Jebe;3;15/10/2024 20.55;Baik bagus;;
Zilong Solo;5;15/10/2024 20.47;Best;;
Gean Ansela;5;15/10/2024 20.42;Ok;;
COLD FREZEE;5;15/10/2024 20.39;Tolong dong kalo kita upload vidio, kualitas vidionya bisa di naikin. Soalnya saya kalo upload vidio kualitasnya suka pecah kalo di bikin story. Padahal vidio aslinya jernih.;;
Raffasya 14crb;5;15/10/2024 20.30;Good;;
Khoyron Khoyron;5;15/10/2024 20.27;Mantap;;
Rahmad Ramadan;5;15/10/2024 19.39;baguss;;
budi utomo;2;15/10/2024 19.37;tolong jangan sering menampilkan konten ikaln judi atau game, menurut saya itu sangat menggagu saat menggunakan aplikasi ini;;
Garangan Malayisa;5;15/10/2024 19.36;Sangat bagus;;
Rio Merdian;5;15/10/2024 19.30;Bahus;;
Abdul Wiwid;5;15/10/2024 19.26;Selalu ok;;
Wahyu Aris;5;15/10/2024 19.22;agak lelet;;
Twinsi Shibghatullah Syahida;5;15/10/2024 19.00;Bagus;;
urr girlss;1;15/10/2024 18.59;banyak bug nya, parah bgt gamau ngasi bintang 5 kalo belum bener bug nya;;
Eddy Abdul Rahman;5;15/10/2024 18.26;Very good;;
Andi Akbar;5;15/10/2024 18.24;Mntap;;
Reza Arbie;4;15/10/2024 18.16;Min kok akun gua ke ban Mulu udah ke 2 kli lohğŸ˜­;;
Fajar 717 Official;5;15/10/2024 18.15;Sering bug;;
Neysalaudianaputri;3;15/10/2024 18.05;Sudsh di update tpi gbisa di buka trs gmn si;;
golden inside;5;15/10/2024 18.03;Great;;
ItsMeRyan;5;15/10/2024 18.01;I love this application;;
Susah Mikir;5;15/10/2024 17.59;Mntap;;
Sures Kumar;5;15/10/2024 17.52;Really great!!!;;
Muhidin;1;15/10/2024 17.51;butut;;
Akira;1;15/10/2024 17.49;"Ini knpa tiba"" liat postingan muter"" mulu nih giliran liat komentar nya lancar"" aja, buka apk yg lain juga lancar"" aj, udh ganti akun juga ttp sama aja, bnerin dong ini";;
Darling Darling;5;15/10/2024 17.48;Ok;;
gisat adhyaksa;5;15/10/2024 17.42;verynice;;
Azizzahratukullah Azizzah;1;15/10/2024 17.40;saya tidak bisa login ke akun saya pdahal username dan password nya udh bener tpi mlah salah ada kejadian kesalahan mohon diperbaiki saya mau login ke akun saya terimakasihğŸ™ğŸ™ğŸ™;;
Ahda Ayu Jihadul Hasanah;1;15/10/2024 17.34;Nii kenapa ya upload story waiting for connection muluuuu sihh... Padahal sinyal yaa aman;;
Agus Sugiarto;5;15/10/2024 17.28;ğŸŒ¾;;
Raffael Ambon;5;15/10/2024 17.28;Sangat membantu;;
Agus 123;5;15/10/2024 17.27;Cukup lumayan puas;;
Iwan Kurniawan;5;15/10/2024 17.27;Update Instagram;;
Raka Fazrian;1;15/10/2024 17.26;IKLAN JUDI ONLINE NYA BANYAK BANGET;;
Agel Bayupinangkis;1;15/10/2024 17.24;Ga jelas lama-lama bug trus;;
farhan Baehaqi;5;15/10/2024 17.15;Manyap;;
Umbu Fikram;5;15/10/2024 17.13;Saya senang menggunakan Instagram dan juga memilik banyak pengalaman dqn Teman stelah saya menggunakan nya;;
Adhitya Naufal;5;15/10/2024 17.05;Ini kenapa Instagram saya tidak bisa dibuka?sudah seharian saya coba tetap tidak bisa,mohon diperbaiki!;;
Zzz;1;15/10/2024 17.05;Hal yang berbau sara ga ke detected ğŸ˜¡;;
Lenny Aljailani;5;15/10/2024 17.01;Aplikasi yg sangat bagus dan memuaskan, sya ksih bintang 5 klau sja bintangnya ad 10 sya ksih 10 bintang;;
Duta Wibowo;5;15/10/2024 17.00;Mantap;;
Alfin Setiawan;1;15/10/2024 16.55;Banyak bug , serius;;
Deday Febriyanto;5;15/10/2024 16.54;Bagus ka;;
afri;2;15/10/2024 16.49;Pengen login ke akun tapi dikasih kode tapi malah gak masuk ke Gmail?!;;
Riduan Smart;1;15/10/2024 16.49;Selamet;;
Zidan Dwi Firmansyah;5;15/10/2024 16.32;Saya mau update dong kak udh berapa kali saya gabisa update apk ini,ko ga bisa update lagi yaa padahal saya belum update apk ig;;
Keling Dekil;1;15/10/2024 16.23;Aplikasi jelek;;
Hajran96 Hajran;5;15/10/2024 16.21;Sya senag ig ini yg terbaikğŸ™ğŸ‘;;
Raji Saputra;1;15/10/2024 16.21;Kurang di story nya;;
Wodeh;5;15/10/2024 16.21;Bagus;;
Totok Irwanto;1;15/10/2024 16.19;Kenapa instagram cuma muter muter doang;;
karawacci dc;5;15/10/2024 16.19;mantab;;
Tadung Tadung;5;15/10/2024 16.13;Kece banget;;
Cah Wadang;5;15/10/2024 16.09;Jan Nyeni efek e;;
Andria Mahardika;5;15/10/2024 16.08;Nggak ribet,,,mudah d pahami;;
Umi Solekhah;1;15/10/2024 16.07;Gak bisa buat akun;;
camelia saqila;4;15/10/2024 16.01;kog sekarang Instagram kalau udah apload posting kog gk bisa tersimpan sendiri di gallery ? tolong donk tingkatkan lagi seperti semula;;
Kanjeng Namiroh;5;15/10/2024 16.00;Sangat bagus;;
NM 7X;1;15/10/2024 16.00;Setelah di update saat melihat story kok kualitas fotonya berkurang dan agak ngezoom dikit ya mohon di perbaiki ke semula, tidak nyaman untuk di pandang.;;
Kafrina Ana;5;15/10/2024 15.59;Seru bngt ada artis yg sya follow;;
rangga all;5;15/10/2024 15.55;nsndnndne w d d;;
Angga Fajar;1;15/10/2024 15.53;Kok buka ig langsung ngelah parah ya kalo buka yang lainnya lancar payah ni apk;;
Andintista;5;15/10/2024 15.53;Sangat puas;;
oppo new;5;15/10/2024 15.50;bagus;;
Kiki Electrical;5;15/10/2024 15.49;Sangat baik;;
Wahyudi;5;15/10/2024 15.49;Kerenn dan sangat bermanfaat;;
Arly Belfa;5;15/10/2024 15.45;Mantap;;
Rahmad Yusuf Channel;5;15/10/2024 15.45;Bagus untuk menyambungkan postingan pribadi;;
Mira Miranda;5;15/10/2024 15.43;Good;;
rzky perdana;1;15/10/2024 15.42;knpa si waktu mau ganti akun trs pas keluar trs msuk lagi akun nya malh gk bisa di buka, aneh lama lama ni instagram kocak bet dah cape gw;;
Arsyad Raditya;5;15/10/2024 15.37;Aku suka instagramnya gaess;;
Batang Bagian cidro 2;2;15/10/2024 15.35;Sangat keren bngtğŸ˜‡;;
Dwi Styaningsih;5;15/10/2024 15.34;Goodluck;;
Bks'warior 69;4;15/10/2024 15.26;Bagus;;
made sthawira juliarta;1;15/10/2024 15.22;buruk suka ngelag ngelagan;;
Nurul Daniswari;4;15/10/2024 15.14;Kadang suka susah dibuka;;
Roy Kasih Saputra Sinaga;4;15/10/2024 15.13;Lumayan;;
BEA JUNIA ISKA;2;15/10/2024 15.11;Sukak kesel aku tiap kali mau posting foto lama dari album/gallery, pasti yg muncul malah foto itu lagi itu lagi, gak ngerefresh banget! Banyakan hank nyağŸ˜¡;;
Dita Qurotul;1;15/10/2024 15.11;Kenapa di saat saya mau nge like postingan orang gabisa padahal sudah saya update tolong di perbaiki pihak ig tanggung jawab di update malah makin down kualitas nya bukan nya bagus malah makin buruk padahal sebelum nya gk gini pliss tolong perbaiki lagi ig sayaa admin ig mohon pertanggungjawaban nya jangan diam sajaaa;;
Rido Friendly;5;15/10/2024 15.11;mantappp;;
Pri Tu;5;15/10/2024 15.06;Lancar;;
Aulia Aja;5;15/10/2024 15.00;sangat sangat bgs;;
Yhussiana Putra;5;15/10/2024 14.59;I love you instagramğŸ˜;;
Syarif Imd;5;15/10/2024 14.58;good;;
Meilia P K;5;15/10/2024 14.52;sangat bagus;;
Dal Ban;4;15/10/2024 14.50;Asik sih;;
Î¹'Ğ¼ lÎ¹l-áŸĞ½Ï…Ğ¸g;5;15/10/2024 14.50;Heehbaeee;;
Yuni Yuningsih;5;15/10/2024 14.46;bagus nih apk nya langsung aja di downlod yaah;;
Nazwa Permata;1;15/10/2024 14.37;kenapa dm dm pada ilang??? gjls bgt ampun, video arsip yg udh lama juga gbisa di liat,benerin dong,,, bintang satu ah bodo amat gasuka.;;
Zalfi Hikmal abrar;1;15/10/2024 14.37;aplikasinye banyak bug rusak da aplikasi tuh bole fix bugnye;;
NANDO WAYOI;5;15/10/2024 14.37;Mantap reels banyak trend2 baru ğŸ‘ğŸ»ğŸ”¥;;
Yusniar Kartiana sitorus;5;15/10/2024 14.36;Seru sih lumayan aja gitu;;
Amanda Salsabila;5;15/10/2024 14.36;pliss npa ig ku tidak dapat memuat ulang beranda â˜ğŸ˜;;
Rendi Ended;5;15/10/2024 14.36;Aplikasi ini bagus sekali;;
Refadli Ramadhan;1;15/10/2024 14.35;Akun ku ga bisa di buka lagi udah dua minggu ga bisa di buka akun ku kasih solusi min;;
Indri Agita;5;15/10/2024 14.32;Instagram termasuk aplikasi media sosial favorit saya, cuma sekarang terlalu banyak iklan, jika saya ingin berbagi kabar dan ingin tahu kabar teman jadi jauh menscrolling;;
Irham Fahrezi;1;15/10/2024 14.30;Udah semingguan lebih instagram saya error, ga bisa liat gambar, cuma loading aja di gambar ga sama sekali muncul. Padahal buka aplikasi lain untuk streaming, video call, dll lancar. Sinyalpun penuh, tapi entah kenapa kok instagramnya error begini terus sampe sekarang.;;
Dede Zabran17;5;15/10/2024 14.29;enak;;
Akang Abdoel;5;15/10/2024 14.25;Good;;
Poisos Busiiwiw6778;1;15/10/2024 14.24;Tolol;;
Azizah Safinah;2;15/10/2024 14.22;Sayaa update story tidak adaa suaranyaaa!! sayaa kira hp saya yang rusakkk trnyataaa tdk mmg dri fitur ig nyaaağŸ˜­ğŸ˜­ğŸ˜­;;
Tesi Aulia;5;15/10/2024 14.22;Bgus;;
tono hartono;5;15/10/2024 14.22;Media yang sangat berguna dan membantu untuk berinteraksi dan komunikatif dengan yang lainnya;;
Riani Riani;4;15/10/2024 14.21;Smngat bgus ..cuma blom tau gmn supaya BS fyp;;
Samsung J2core;5;15/10/2024 14.20;Ä¶alau saya berhasil paket ini saya kemakam ayah saya Di Taman pahlawan bangil namanya yusup b a s;;
AZZAM;5;15/10/2024 14.20;Terimakasih;;
Ruswandi 635;5;15/10/2024 14.19;"Udah gak ada kata"" pokonya";;
Hoho Hehe;4;15/10/2024 14.19;Menyeunangkan;;
M Riski;1;15/10/2024 14.18;Sinyal bagus dipake ngegame, browsing, nonton youtube 4k pun lancar.. giliran buka ig, langsung sinyal jadi jelek.. buka story loading terus, buka feed pun sama begitu.. hadeh diupdate malah makin buruk nih aplikasi ig skrng;;
Alex Pgk;5;15/10/2024 14.16;Sangat bagus;;
Moktar Oppo;5;15/10/2024 14.13;Saya sangatlah butuh sekali program instagram ini satu pengetahuan buat mendengarkan tausiah maupun bidang bisnis maupun mendapatkan pengetauan bakat lainnya aminsaya kehilangan dari acara hingga acara yg bisa ikuti satu program yaitu memberikan bantuan rezeki untuk orang yg sangat membutuhkan apalagi yg memang sangat memerlukan sekali bantuan rezeki dari bapak/ibu yg memberi rezeki dan kebutuhan pokok yg sangat bermanpaat. Akun dan sandi saya tidak bisa dipergunakan bisa bantu saya umtuk. insta;;
Rasya Aditia;5;15/10/2024 14.11;ok;;
Yeni Safitri;5;15/10/2024 14.11;Sangat bagus aku suka Oh ya untuk filternya jangan terlalu lama dong loading nya jadi lama nunggunya;;
Ade Suripto;5;15/10/2024 14.09;Bagus;;
Herry Ismanto;5;15/10/2024 14.08;Sangat membantu;;
Fany Sulistyo;2;15/10/2024 14.06;Tolong di benerin dong instagram saya kok malah di nonaktifkan gabisa masuk akun gitu maksud nya apa ya? Berawal meng nonaktifkan pmalah pas di pencet dsrh buat vidio pendek ini bener akun anda apa bukan segala macem pas di out malah kek ilang akun, tolong di benerkan yaa hadehhh makin jelek sekali;;
Upen Upen;5;15/10/2024 14.05;Sangat baik;;
muhammad nabilan;1;15/10/2024 13.59;Baik;;
Asa mutawa Fika;5;15/10/2024 13.59;Suka kali karna banyak informasi penting yang ku dapatkan di instagram;;
Suryanti Inyong;1;15/10/2024 13.57;Balikin akun saya, saya g ngelanggar apa apa knp tiba tiba bgtt di blokir;;
Nadi Is nadi;5;15/10/2024 13.54;Asik;;
sakura chan;5;15/10/2024 13.54;Bagus banget disini bisa liat reels yg asikÂ²;;
Lewi Toh;5;15/10/2024 13.53;ğŸ‘;;
Tarisa Agnesia;1;15/10/2024 13.50;Jadi lemot gak secepat dulu buka instastory aja lama bgt;;
Ika Aulia;5;15/10/2024 13.47;Bagus suka banget sama semua efek nyağŸ˜»ğŸ¤;;
Amok 761;5;15/10/2024 13.47;Fitur fitur nya semakin bagus dan cantik semoga updatean terbaru semakin baik dan bagusğŸ™ğŸ¥°;;
Nanang Munandar;5;15/10/2024 13.43;Mantap;;
Irvina Faridah;3;15/10/2024 13.43;Top;;
Yeni Yulianti;5;15/10/2024 13.40;Ok;;
Agam Syaputra;5;15/10/2024 13.40;Sangat baik;;
riyal new;5;15/10/2024 13.38;mantap;;
Ridho_Oase Ch;5;15/10/2024 13.38;Okk dehh;;
Aldonni Rasmussen;5;15/10/2024 13.37;mantap;;
Retno Ayu Hapsari;3;15/10/2024 13.37;tolong dong kenapa upload reels videonya jadi nge zoom sendiri ? nangis banget, mana kerjaan juga ğŸ˜­;;
Adrian jr Jr;1;15/10/2024 13.37;ğŸ˜’;;
Jihan Khairiyah;4;15/10/2024 13.36;Bagus;;
Mhd Anwaru;3;15/10/2024 13.35;Ya... Allah... Kenapa saya tidak bisa terbuka Daftar baru?! ( Ø£ÙØ´Ù’Ù‡ÙØ¯Ù Ø£ÙÙ†Ù’ Ù„Ø§ Ø¥Ù„Ù‡Ù Ø¥ÙÙ„Ù‘ÙØ§ Ø§Ù„Ù„Ù‡Ù ÙˆÙ Ø£ÙØ´Ù’Ù‡ÙØ¯Ù Ø£ÙÙ†Ù‘Ù Ù…ÙØ­ÙÙ…Ù‘ÙØ¯Ù‹Ø§ Ø±Ù‘ÙØ³ÙÙˆÙ’Ù„Ù Ø§Ù„Ù„Ù‘ÙÙ‡Ù ). Asyhadu an laa ilaha illallaahu, Wa asyhaduanna muhammadar rasulullah. Artinya: Aku bersaksi bahwa tidak ada Tuhan melainkan Allah. Dan aku bersaksi bahwa Nabi Muhammad adalah utusan Allah.;;
Yessika Elva;2;15/10/2024 13.32;Ngeposting foto dikasih musik tapi malah gak ada suaranya/musiknya tibaÂ² ga ada yang tadinya ada;;
Gustiandra Saputra;5;15/10/2024 13.27;sangat seru;;
Suhanda Handa;5;15/10/2024 13.26;Banyak dapat pengalaman dari orang lain;;
Andriansyah Permana;3;15/10/2024 13.26;Ig skrng arsip nya udh ilang semua padahal banyak kenangan nya di situ;;
Waseto;5;15/10/2024 13.26;Ya allah brikanlah kesehatan jiwa ragaku untuk membahagyakan ank istriku;;
Nia Kurniasih;2;15/10/2024 13.25;knapa aku tdk bsa uplod cacatan tapi pake lagu;;
Syarip Hidayat csh;5;15/10/2024 13.25;Keren;;
Leony Illena Geusty;1;15/10/2024 13.25;Ini instagram saya kenapa lemot parah ya? Udh di uninstall, terus install ulanh, udh di ubah mode pesawat..tpi tetap lemot ngk jelas. Padahal kuota sama jaringan bagus2 aja.;;
Oman Pratama;5;15/10/2024 13.22;Apl Instagram terbaik;;
ferry man;5;15/10/2024 13.21;Bagus dan menghibur;;
Akmal Akmal;5;15/10/2024 13.21;Aplikasi ini sangat bagus;;
Wa Arma;5;15/10/2024 13.20;Sangat membantu dan bgus;;
Rizuki Azuhari;1;15/10/2024 13.17;Hari ini super lemooot,,, ku kira karna belum d update,, ternyata setelah d update pun sama ,, LEMOOOT;;
Lisma Ginting;5;15/10/2024 13.17;perkembangan semakin bagus Bintang: 5;;
Heri Rahman;4;15/10/2024 13.16;Good;;
Arfan;1;15/10/2024 13.15;Ra isa login;;
jhona puarada;5;15/10/2024 13.14;sangat-sangat bagus apk ini;;
Fathun Adelia;5;15/10/2024 13.12;"Aplikasih sangat"" Memuaskan";;
Septian Ramadhan;5;15/10/2024 13.09;Bagus;;
Neiad;5;15/10/2024 13.09;Bagus;;
Karni Saputra;4;15/10/2024 13.08;Ok sekali;;
saskya salsabila;1;15/10/2024 13.07;BUG BGT. tolong diperbaiki ğŸ™;;
Marvel Corneles;5;15/10/2024 12.59;Sangatt mendukung;;
epepcitra;5;15/10/2024 12.56;Saya suka dengan aplikasi NYğŸ‘ğŸ»ğŸ‘ğŸ»;;
RAYSA NURYANTIMAGHFIRAH;1;15/10/2024 12.52;kntl g bisa download babii;;
Maria Angket;5;15/10/2024 12.49;Aplikasi sangat bagus;;
Arian Hidayatulloh;5;15/10/2024 12.40;Ok;;
Aji Brb2;1;15/10/2024 12.36;Ini gak bisa masuk ke akun IG lain anjir;;
Ilham Daffa;3;15/10/2024 12.31;Tolong perbaikannya dengan akun saya dffa_ilham tidak bisa follow akun lain, saya mohon perhatian dari pihak developer.;;
Anime;1;15/10/2024 12.30;Anehh cikk;;
Lisa Lisa;5;15/10/2024 12.28;Bagus;;
Sadar Sitohang;5;15/10/2024 12.27;Aplikasinya bagus banget;;
Hawa Sadidha;1;15/10/2024 12.26;kenapaa insta story di arsip ku ilanggg, ish parah bangettt ew;;
Pengguna Google;5;15/10/2024 12.21;I like it;;
Saulina Napitupulu;1;15/10/2024 12.20;Kenapa pas repost story orang gak ada suara ny kenapa ig sekarang kayak gini ayolah di perbaiki lebih baik kan jadi gak bisa ngerepost story orang lgi krna gak ada suara ny;;
Sulaiman ishak;5;15/10/2024 12.15;Semoga barokah;;
Andi Sukmadijaya;5;15/10/2024 12.14;Good;;
JOKO AZAM;5;15/10/2024 12.13;Bagus;;
Edy s Mensi;5;15/10/2024 12.10;Bagus banget sangat menghibur;;
Biyan Sunday;5;15/10/2024 12.06;Carikawa yang baik hati di instagram;;
recki saputra;5;15/10/2024 12.06;Aplikasi yg luar biasa mantap;;
Pikal Alfadisi;5;15/10/2024 12.06;Good luck;;
Ahmad Yunus (Ahmad yunus);5;15/10/2024 12.04;Bagus dan bermanfaat;;
Deri Nazra;5;15/10/2024 12.01;Belanjar untuk lebih baik;;
M Nugraha;5;15/10/2024 12.00;Mantap;;
Daduy Daduy;4;15/10/2024 12.00;Bagus;;
Mas gilang Ramadhan;2;15/10/2024 12.00;kenapa kaga bisa masuk ya??;;
Arnol Boison;4;15/10/2024 11.59;Isinya sangat bagus cuman boros di paketanya saja;;
Rendi Ramadan;1;15/10/2024 11.52;Gabisa login pake fb sih min;;
Sinta Puji;3;15/10/2024 11.50;"Woy tolong dong knp akun saya diblokir trs pdhl ngga ngelakuin apa"" Aneh bgt lu kembaliin deh gausah gitu aneh bgt";;
Alwan afghani;1;15/10/2024 11.47;update apa njir?;;
Fatma Tampolo;5;15/10/2024 11.43;bagus;;
Rodeox My;5;15/10/2024 11.38;Bagus sekali aplikasi nya;;
Moms ambyaar;5;15/10/2024 11.38;Ig tubsangat baik memuaskan efeknya jg pada cantik, ngelive streaming pn seru;;
widia puspita;1;15/10/2024 11.38;najis cacat banget kebanyakan bug asuuu;;
Park Hyung;1;15/10/2024 11.38;Makin banyak iklan judiğŸ—¿ğŸ—¿ğŸ—¿;;
andrii Dislaw;4;15/10/2024 11.36;Bagus;;
adel febiolha;5;15/10/2024 11.32;top bgt si wkwk;;
Jose Sihombing;5;15/10/2024 11.32;Seru digunakan tapi mohon bantuannya mau hapus foto tidak ada mohon tambahkan penghapusannya;;
Gelsishabnamdhuha Gelsi;1;15/10/2024 11.31;Kok gk bisa bikin akun baru lg siii;;
Edi Edi;1;15/10/2024 11.30;Apk nya kaya bkp;;
Morgan babaha Babaha;4;15/10/2024 11.29;Baik;;
Eka Fauziyah;1;15/10/2024 11.29;ehhh min akun aku kok ilang sii pdhl kan ga ngapa ngapain kok ilang si min tolong lah min balikin;;
Muhammadubay Dillah;5;15/10/2024 11.27;Sangat menyenangkan;;
firman;3;15/10/2024 11.25;mayanlah buat skrolÂ²;;
Novy Gunadhi;5;15/10/2024 11.21;Oke aplikasinya;;
Lana lubis;5;15/10/2024 11.21;Baguss;;
Yusri Iyus;5;15/10/2024 11.15;Semoga bisa diterima;;
Karni Saja;5;15/10/2024 11.14;SNgat baik;;
kia kinara;5;15/10/2024 11.12;Pliss ig story repost nya harus kaya iPhones sihhh plisssss;;
Opik Ramdan;5;15/10/2024 11.10;Bagus;;
Dewi Andani;1;15/10/2024 11.08;Buruk, selalu minta di perbaharui trs;;
Ryzal Ryzal;5;15/10/2024 11.06;Keren;;
salsabill febriani;1;15/10/2024 11.04;aplikasi ga berguna, aplikasi yg jelek;;
Jean Syarbanu;5;15/10/2024 11.03;apk nya bagus bangett,ada banyak filter yang menarik dan lucu2ğŸ¤©;;
Brayen Munthe crot;1;15/10/2024 11.02;Mengapa waktu nge repost tidak ada suaranya?? Tolong di perbaiki;;
Zulaika Maulidina;5;15/10/2024 11.00;okelah;;
Tri Sutrisno;5;15/10/2024 10.59;bagus;;
Siti Saadah;5;15/10/2024 10.55;bagus;;
Irsyad Badriyansyah;1;15/10/2024 10.53;Setelah di update ke versi terbaru jadi ngelag;;
Supri Yadi;4;15/10/2024 10.53;Senang jadi ban6ak pengetahuan pengalaman dan banyak teman;;
Rosita Roscha;5;15/10/2024 10.51;Ditunggu centangnya;;
Vignespri2024;5;15/10/2024 10.49;Bagus ğŸ‘ğŸ¤©;;
Mojaik Debo;5;15/10/2024 10.48;Yess I glead ig;;
gusti gos;1;15/10/2024 10.47;Lemot,, padahal sinyal lancar;;
Radityaahmad 18nov;1;15/10/2024 10.46;Ig ke k****l;;
Zaskia Zahrotusyita;1;15/10/2024 10.46;bnyk bug;;
Aldo K;1;15/10/2024 10.45;"INSTAGRAM SEHAT IG GW TIBA DI BANDINGKAN PADAHAL GA PERNAH BUAT PELANGGARAN ATAU HAL ANEH GW UDA 9 TH MAIN IG INI AKUN SKRG DI BANDINGKAN SEHAT"" LU INSTAGRAM KECEWA. AUTO UNISNTAL";;
Rofiq Kancoy;5;15/10/2024 10.43;Bagus untuk menghibur diri;;
Harsyat Pasaribu;5;15/10/2024 10.40;Bagus dah pokoknya;;
kentung gaming;5;15/10/2024 10.39;Bagus;;
Mar Yoto;1;15/10/2024 10.37;Ig saya ngebug gabisa liat live orang, setiap di pencet kepental;;
Eno Bastian86;5;15/10/2024 10.35;Yang udah punya aplikasi ini pokoknya jangan sampai di hapus nanti kalian nyesel lho..ğŸ¥°;;
Um Zik;5;15/10/2024 10.29;iloveee;;
Agha Zaki;1;15/10/2024 10.25;woy tambahin fitur streak huu ig jelekğŸ‘ğŸ»ğŸ‘ğŸ»;;
Decha Dede;5;15/10/2024 10.21;Bagus;;
Mr. Usman Usman;5;15/10/2024 10.21;Terbaik;;
mba pin;1;15/10/2024 10.19;tidak bisa melakukan siaran langsung.;;
Paimo Dmtruk;5;15/10/2024 10.19;Acc;;
furqon furqon;1;15/10/2024 10.17;komentar saya tidak menyinggung siapapun , tapi pihak instagram tidak memulihkan akun saya , sungguh sangat mengecewakan;;
Mhmd Ilham;1;15/10/2024 10.16;bikin story aja dipersulit, lucu;;
Mini Ons;5;15/10/2024 10.09;Semoga bermanfaat;;
bagasrendang 16;1;15/10/2024 10.08;sigma ğŸ¤«;;
Agung Pradhani;5;15/10/2024 10.05;MantaappğŸ‘ğŸ»;;
AhmadAdi Kembar;5;15/10/2024 10.03;Bagus;;
Rasya Silvi;5;15/10/2024 10.03;Banyak yang menarik;;
ogapangestu;5;15/10/2024 10.03;Info motor cod;;
Asep Ridwan Mutakin;5;15/10/2024 10.01;Mantap;;
Putri Aulia rahma;2;15/10/2024 09.54;"tolong dong pihak instagram kembalikan akun yg tiba"" dinonaktifkan, padahal ga ada salah apa""";;
Hj. Saidang;5;15/10/2024 09.52;Sangat bagus;;
7E_06_CHELSEA FELICIA CHRISTABELLA;5;15/10/2024 09.48;Hah;;
Last Time Laura Litvyak;5;15/10/2024 09.43;Sangat bagus sekali, terhibur menyenangkan;;
Ahmad Faiz Faiz;5;15/10/2024 09.42;Good;;
Adrianjr Adrianjr;5;15/10/2024 09.40;okeeeee;;
Arya Glouiss;1;15/10/2024 09.38;nih Instagram saya knp foto cwe sexy??;;
Saskia Endang pratiwi;3;15/10/2024 09.37;Kok ignya gak bisa siaran langsung?;;
Raka Hardianto;4;15/10/2024 09.37;Kenapa kok ga bisa buat nama sesuai keinginan kita? Nulis ini di jawab nama penggunaan tidak tersedia, apalah, tolong di perbaiki, harusnya melayani;;
Abah Ikam;3;15/10/2024 09.29;Tolong adakan fitur pembatalan upload storyğŸ™;;
Sukirman Gelumbang;1;15/10/2024 09.27;aplikasi jelek bkin akun aja susah bget pas masukin kode yg benar malah tidak valid aplikasi jelek;;
Darso Darso;5;15/10/2024 09.22;Sangat membantu serta bermanfaat;;
Faqih Moo;5;15/10/2024 09.17;Banyak yang dikepoin;;
Muhammad Javier;1;15/10/2024 09.17;ajgg lah, gua gadapet otp ke gmail gua, mana first account;;
Azzahra Rahmadhani;4;15/10/2024 09.14;"Kenapa ya ketika mau menambahkan music di bio instagram tidak bisa? Padahal apk nya juga sudah di update loh! Kesal banget udh diulang"" tapi tetap tidak muncul di bio nya. Mohon diperbaiki";;
Satriaa Putraa;5;15/10/2024 09.14;Baik;;
Aurra Javanistt;5;15/10/2024 09.10;apikk;;
Haji Bandan;5;15/10/2024 09.10;Bagusss bangett ya allwh aku suka;;
SUGIANTO Atto;1;15/10/2024 09.09;Banyak sekarang peraturan instagram , maaf sy turuni bintang ny..;;
Nazwa Alifatun Nisa Tanjung;5;15/10/2024 09.09;Ig ini sangat berguna bisa berfotbar bareng teman dan juga bisa miskol teman jauh atau pun keluarga;;
L;1;15/10/2024 09.08;STOP MUNCULIN NOTIF ANDA MUNGKIN KENAL, GAAAAKKK GUE GAK KENAL;;
Syafrizal Fahri;5;15/10/2024 09.07;Bagus;;
VARREL ANDIKA;5;15/10/2024 09.07;GA PERLU COMNT INTINY INS PALING THE BEST;;
Abyan Abimata;5;15/10/2024 09.06;Apa apaan ini padahal udah bener emailku itu eh disalain ini emang gak bener terus aku buat akun lagi katanya liat di sms tapi gak ada;;
Wa Ni;1;15/10/2024 09.06;Kenapa selalu dibatasi disast saya berkomentar, saya menulis memakai bahasa arab, apakah itu salah atau tidak suka saya menulis bahasa arab...dasar Instagram hanya bercometar daja bilang spam ,yang tidak sopan hanya orang orang bugil itu yang kalian suka dasar berarti tidak yang punya aplikasi ini bukan Muslim;;
Triyanto T;5;15/10/2024 09.06;ok;;
Dian Herii;5;15/10/2024 09.04;bagus buat komunikasi;;
colin wilbert;5;15/10/2024 09.02;Buat exist aja;;
Ishak Susilo;5;15/10/2024 09.00;Good;;
kiki Abdulah;5;15/10/2024 08.56;"Bagus***""""""""""""""*******";;
MC Cell;5;15/10/2024 08.56;Saya kasih 5 bintang, but jangan di ilangin ya fiturnya oleh fitur itu banyak di istagram;;
Maria Cantika;5;15/10/2024 08.51;Sngt bgus;;
Siska Djafar;3;15/10/2024 08.50;Assalamualaikum ka mohon filter nya itu jangan di ilangkan ka saya kasi bintang 3;;
ajig Kasar;5;15/10/2024 08.48;Bagus bngt pokonya biang aku suka;;
Brito Mesy;1;15/10/2024 08.43;baik;;
Wahyudi Mokoginta;5;15/10/2024 08.43;Bagus;;
Syahdiansyah â€œDianâ€;5;15/10/2024 08.39;good;;
Naura Nauramaqfiroh;5;15/10/2024 08.38;ğŸ’‹;;
Arlia Lia;5;15/10/2024 08.37;Ini bagus sekali instalagram;;
Ilham koplok;5;15/10/2024 08.36;mantap;;
Mrobi Saputra;5;15/10/2024 08.35;bagus sekali;;
LIYANA MAHIRA;1;15/10/2024 08.33;Aplikasi Tolol Banyak Bug!!!. Saya Mau Scroll Di Pertemanan Orang Untuk Melihat & MemFollow Orang Baru Udah Saya Scroll Sampe Bawah Giliran Udah Klik Profil Instagram Orang & Saya Ingin Kembali Melihat Follower Orang Lagi Satu Persatu Kenapa Malah Ngulang Lagi Dari Atas Yang Tadinya Saya Scroll Udah Sampe Bawah Malah Ngulang Lagi Dari Atas Kan Cape & ini Bukan Cuma 1 kali Tapi Sering Sekali Seperti itu & Membuat Saya Emosi!!!, Tolong Di Perbaiki Masalah Tersebut Kalo ga di beneri bintang 1 aja!;;
Rudi Tabuti;5;15/10/2024 08.29;Informasi nya lengkap;;
Via Cantik;5;15/10/2024 08.27;Aku suka banget;;
Jovan Jovan;5;15/10/2024 08.26;Sungguh bagus;;
Andi Saputra;1;15/10/2024 08.25;Rell mengalami lag padahal jaringan bagus cepat di perbaiki;;
Akhmad adi Saputra;3;15/10/2024 08.24;Kenapa audio di konten saya tidak tersedia?;;
Pardan Pardan;4;15/10/2024 08.24;Suka ajaa;;
Keyla Apriza;1;15/10/2024 08.21;mohon bantuannyaa saya tidak bisaa meng folow akun orang lain;;
Nur Hikmah;5;15/10/2024 08.20;Sangat puas;;
Saifullah;1;15/10/2024 08.18;kebanyakan bug udah kaya epep aja;;
Bos Amin;5;15/10/2024 08.15;Bagus banget dan menarik;;
Solihun Hun;5;15/10/2024 08.12;instagram ini bagus banget karena efek foto âœ… seru bgt rendem rendem vidio nya hmmm seruuuuuuu;;
opan hulopi;5;15/10/2024 08.06;Mantap;;
ARJUN HERDA;1;15/10/2024 08.04;Aplikasi nya banyak bug;;
ARYO SUGIANTO95;5;15/10/2024 08.04;PatennnnğŸ‘;;
Nofri ani ani;5;15/10/2024 08.01;Aplikasi yang keren;;
Well Pangalo;5;15/10/2024 07.59;Baik;;
Nabillah Nabillahyasmine;5;15/10/2024 07.56;ğŸ–¤;;
Christy E.H;3;15/10/2024 07.56;saran saya untuk update beri notifikasi ya jangan ngebug tiba-tiba;;
Aril Aril;5;15/10/2024 07.55;Apk bagus;;
Dewi Naura;5;15/10/2024 07.55;Terimakasih;;
Nadim Akbar;3;15/10/2024 07.54;Knp klo bikin Cerita Vt nya jadi ngebugg? Apalagi Klo nyimpen Fto vidio Jarang bangett kesimpen;;
Avi Tuzi;5;15/10/2024 07.53;aku beri bintang 5 soalnya bagus bgt aplikasi instagram ini makasih ya instagram ğŸ˜ğŸ™;;
Zahira Arsyada;5;15/10/2024 07.53;sngt mmbntu;;
Nisryan Ardiansyah;5;15/10/2024 07.51;Ammaazzziiinngggg...;;
Dewi Sari;5;15/10/2024 07.51;Bagus;;
Alisaa Rm;1;15/10/2024 07.50;Sekarang banyak erorrnya,gausah ada fitur tambah kan media lah;;
Adi Satrio;5;15/10/2024 07.50;Alhamdulillah;;
Ratu Cantik;2;15/10/2024 07.48;hicg;;
agus priadnyana;5;15/10/2024 07.47;Bagus;;
kailah noer;5;15/10/2024 07.45;ig terbaik, jdi lebih seru;;
Juni Putro;5;15/10/2024 07.38;keperibadianmenarik;;
Bagas putra;1;15/10/2024 07.30;nih yah gue gak ngapa-ngapain aja akun Instagram gue ditangguhkan anj mana postingan kehidupan gw di situ semua taiiiiii;;
Ridwan Ridwan;5;15/10/2024 07.30;Aplikasinya bagus banget aku bisa foto dan bikin vidio filter nya bagus ğŸ‘;;
rifany willfell;5;15/10/2024 07.24;Sangat bagus...;;
Frischoe Valentino;5;15/10/2024 07.22;Bagus;;
Titik Sri;5;15/10/2024 07.21;Mudah mencari kbr berita;;
Nahda Nahda;2;15/10/2024 07.20;Saya kesal,kenapa kalo saya bikin akun pasti ada tulisan harap tunggu beberapa menit setelah mencoba lagi hmmmm,dan gak bisa bikin akun lagiğŸ¤¬;;
Rambu Tan;5;15/10/2024 07.19;Aplikasi keren abiez;;
Gozali Hasim;4;15/10/2024 07.17;Bagus;;
Ferah Azhari;1;15/10/2024 07.14;Instagram ğŸ‘ğŸ‘ğŸ‘ 15/10/2024 Kenapa instagram makin lama makin banyak aja masalanya yaa;;
Junaedi Maliki;5;15/10/2024 07.13;Efek nyah jlk tapi bohong bagussss;;
Zifara Zifara;1;15/10/2024 07.10;bagus;;
Daniel Plur;5;15/10/2024 07.04;Mantaf N keren......utk postingan upload akses cepat;;
Istiani Rambu;5;15/10/2024 06.59;Sangat bagus;;
LIE KA NJIE;5;15/10/2024 06.56;Kami mudah cari teman;;
Sep Prianto;5;15/10/2024 06.54;Bagus bisa bebas berekspresi ngak dikit dikit kebaned;;
HALFA SEJATI;4;15/10/2024 06.53;Godd;;
Amelianatasya Amelia;5;15/10/2024 06.47;suka banget, anww kalau bisa tambahin vitur rekam pakai laguu juga di ig, biar makin banyak yang suka pakaii heheh, selebihnya ok ok aja;;
sandy utama;1;15/10/2024 06.44;Sngat burikkk;;
Nadiel Mei Ardiki;4;15/10/2024 06.43;P balap pppppppppp;;
Nurul Huda;2;15/10/2024 06.43;Menarik;;
Agua Sutomo;5;15/10/2024 06.38;Keren.....bagus Mudah2an jadi wadah impirasi...;;
Rawat Butarbutar;5;15/10/2024 06.36;"Wakarimass -_-"" #ghiblistudio";;
NURUL AMELIA;5;15/10/2024 06.34;Bagus banget;;
Aboy Smile;5;15/10/2024 06.28;Apk bagus & sangat membantu untuk ber kreatif & interaksi dengan yg lain menambah saudara d media sosial , Samal menyalağŸ˜ŠğŸ¤ŒğŸ”¥ğŸ”¥ğŸ”¥;;
Iky Aja;5;15/10/2024 06.26;bagus bnget;;
Fazry Nuraziz;5;15/10/2024 06.25;Kagak tau;;
Bilqis Liyep;1;15/10/2024 06.19;Angel daptar e;;
Aisyah tanjung;5;15/10/2024 06.18;Bagussss;;
Candra Andra;5;15/10/2024 06.15;Untuk menambah teman;;
Marisa Risya;5;15/10/2024 06.05;Bagus;;
Pengguna Google;5;15/10/2024 06.03;Saya seneng beritanya.;;
dah purnamasari15;5;15/10/2024 05.57;ok;;
Pejuang Rupiah;3;15/10/2024 05.56;Gk bisa up status,,buka chat,,up vidio msh banyak lgi,, Memang anjiiiinnnnggggggg;;
Buatik Ganjaran;5;15/10/2024 05.55;Bagus banget;;
Ari yundi Yundi;5;15/10/2024 05.52;Di Instagram tempat yang paling asyik berbagi pengalaman dan wawasan;;
Aldi;1;15/10/2024 05.50;Tolol di update malah gabisa scroll asu,nonton reels stuck gabisa scroll;;
Acep Yandi;5;15/10/2024 05.48;ğŸ‘ğŸ‘ğŸ‘ğŸ‘;;
Fadil Fadil;5;15/10/2024 05.48;Perbarui ig ogut om;;
Hj Hanatang;5;15/10/2024 05.41;Sangat cocok untuk melihat lebih dekat dengan pac;;
Nahla Qolbi;5;15/10/2024 05.41;Aku suka apk ini tapi instragam ku Mlah dihapus adekku ,jadi aku mau download ini,tapi aku GK tau kodenya ğŸ˜€;;
Annisa Siwi Maharani;2;15/10/2024 05.41;Kenapa tidak bisa untuk membuat akun baru? Selalu tulisan kesalahan teknis;;
Bilkis Widya;1;15/10/2024 05.38;akun tiba tida di tangguhkan padahal enggak buat apa apa tolong muat ulang;;
Aan Ganteng;5;15/10/2024 05.34;Sngat bagus tapi syg tdak mnghasilkan duit;;
chastine;5;15/10/2024 05.34;Very good;;
Wirog Teles;1;15/10/2024 05.30;Lemot;;
Muhammad Alimsyah;5;15/10/2024 05.30;mantap;;
Bayuh Peratama;5;15/10/2024 05.28;Menakjubkan;;
romomas Al-fathir Sofyan;5;15/10/2024 05.26;Jos;;
Azhari Hanaf;5;15/10/2024 05.24;Oke mantap;;
Ahmad Khairuna;5;15/10/2024 05.22;Keren;;
Belajar Xsis;5;15/10/2024 05.22;Banyak memberi inspirasi;;
Glean_15.v;1;15/10/2024 05.20;Apk Instagramnya gak jelas banget dah, masak iya aku arsipin foto doang, terus mau publik lagi fotonya yang dari arsip malah hilang udh mondar mandir cek arsip ganti akun, hapus Instagram terus login lagi tetap gak ada. anehh;;
Nday;3;15/10/2024 05.18;Filter ny kaga bisa di pake;;
M angga Setiawan;1;15/10/2024 05.14;Game nya bagus bisa liat bkp lagiğŸ˜‹ğŸ‘;;
MUIS HAQ;1;15/10/2024 05.00;Instagram tolong diperbaiki di hyper os Xiaomi pad 6 sering berhenti sendiri;;
Yarmis Syukur;5;15/10/2024 05.00;Cepat meneruskan dan memperoleh informasi;;
Sakhia Khanza;1;15/10/2024 04.58;Aneh Gk bisa masuk;;
Aida Fitria S;1;15/10/2024 04.55;kalo bisa dikasih bintang minus bakal ku kasih dah, beberapa arsip ada yg ilang gitu biar apa?;;
Eti Surhayati;5;15/10/2024 04.46;bzgus;;
Yayu Bint endang;1;15/10/2024 04.44;Bintang satu aja akun ku blm pulih aampe sekarangğŸ‘ğŸ‘ğŸ‘;;
Bay Satriani;5;15/10/2024 04.44;Perfect fiture;;
Putra Bintang Setiawan;5;15/10/2024 04.44;Cakep banget cooooookkk;;
Yusup l. Usman;5;15/10/2024 04.40;Aplikasi membuat saya bisa menjangkau dunia luas.;;
Muhammad_Jamal129;5;15/10/2024 04.40;Good terus berusaha untuk baik kedepannya;;
agus mulyadi;5;15/10/2024 04.36;Semoga bermanfaat;;
Propotype RC;5;15/10/2024 04.31;Sudah bagus, semoga algoritmanya semakin mudah dipahami, kok sekarang kalau upload susah banget ya?;;
Aziz Permana;5;15/10/2024 04.22;Tolong Ketika Merepost story Orang lain lagu nya kok hilang;;
Igin Ginanjar;5;15/10/2024 04.17;Saya tidak bisa lihat story temen;;
Poni Aisyah;5;15/10/2024 04.12;Dapat di gunakan denganmudah;;
Wahyu Widyo Nugroho;5;15/10/2024 04.11;Very nice;;
Ucu Marley;5;15/10/2024 04.04;Mantap;;
Aidil adha;1;15/10/2024 04.04;gw setelah di updet ngebaq mulu lain yg mau di hapus sg lain pula yg kehapus bikin kesel;;
Usnan;5;15/10/2024 04.03;Sepertinya saya berminat utk ikut;;
Raden Kian Santang;4;15/10/2024 04.03;Lumayan bagus;;
Kevin Marcelino;5;15/10/2024 04.00;Gooddddd;;
Frengki Marpaung;1;15/10/2024 03.57;Uelek;;
Surya Syaputra;1;15/10/2024 03.55;Ngga bisa login padahal email sama pw bener. Makin ngga bener pas udh di update jadi makin jelek banget ig;;
Mikhael 4 B/ Wibby 5D;4;15/10/2024 03.47;Bagus;;
Ibnu Almarhaban;5;15/10/2024 03.46;Mantap sob;;
GITA HARNUM chaspit15_4;5;15/10/2024 03.42;Mim saya minta tolong banget inima laporan mengenai sebuah postingan atau pun sorotan ya kalo dilaporin itu pasti wajib dihapus dong min jelas jelas disitu pihak pertama melaporkan postingan ya pasti ada masalah, nah dari pihak instagramnya tidak menyertakan laporan detail yang berarti ga mau tau masalah kecil dari pihak korban agak laen, intinya laporan yang di buat untuk poatingan baik sorotan/postingan wajib hapus dari akun nya. Trimakasih.;;
Andi Atirah;1;15/10/2024 03.40;bagus sih tapi ada juga aku kesalğŸ˜¡ğŸ˜¡ğŸ˜¡ğŸ˜¡;;
Pengguna Google;5;15/10/2024 03.39;Bagus sekali aplikasinya;;
jhony quest (j);3;15/10/2024 03.38;Kenapa ya aplikasi Ig kaya aplikasi rusak,sudah nge edd ehh balik lagi berulang kali nge klik balik lagi..;;
Yusnia;5;15/10/2024 03.38;Sangat senang menggunakan Instagram, banyak peluang untuk berkreasi dan banyak merikan inspirasi yg bagus ğŸ¥°;;
Story 5ku;1;15/10/2024 03.37;Sangat bgus. Aplikasi yang membantu perkembangan editor;;
Riski Romayani;1;15/10/2024 03.34;Sangat buruk;;
Rita Pasewang;5;15/10/2024 03.33;Sangat bermanfaat buat saya dan sangat menginspirasi;;
Rey14 Channel;5;15/10/2024 03.32;Fiturnya bagus;;
Habiburrahman Attaqi;2;15/10/2024 03.32;Burik patah-patah;;
Alfian Syaputra;1;15/10/2024 03.30;â¤ï¸ğŸ˜‡ğŸ˜­ğŸ˜­ğŸ˜­ğŸ˜­ğŸ˜­;;
yusuf suciyanto;5;15/10/2024 03.30;ajip;;
Bayu Oka;5;15/10/2024 03.27;Terbaik;;
Zheezhe Tiktok;5;15/10/2024 03.24;terbaik pokoknya ğŸ˜ğŸ˜ğŸ˜ğŸ˜;;
Rafli juliandi wiratama Baruraka;5;15/10/2024 03.24;Populer;;
pocopaman maman;5;15/10/2024 03.23;Mantap;;
hadimahfud asy'ary;5;15/10/2024 03.21;ğŸ’ğŸ‘ğŸ‘ğŸ‘ğŸ‘ğŸ’Ÿ;;
Nia Patmawati;4;15/10/2024 03.20;Knp trsÂ² d aplod ulang iya;;
Mataram Lombok;5;15/10/2024 03.19;Good;;
Teti Handayani;5;15/10/2024 03.14;Makin ok;;
FF Yasya;1;15/10/2024 03.14;Mode vidio callnyaaa, seharusnyaa tidak mengikuti seperti vidio call pada whats ups. Kalau gitu mending pakai wa aja kalau mau vidio call;;
Alif Airlangga;3;15/10/2024 03.12;Ini ig lagi banyak bug atau gmna? Masa lagu di postingan jadi ilang?;;
Windi Nur;5;15/10/2024 03.11;sumpah asikk bangett and seruu;;
Yudi Herwanto;5;15/10/2024 03.11;Terbaik;;
rafly official;1;15/10/2024 03.06;kocak kocak , chat punya gua ngebug, benerin noh, masa suruh update terus orang udah update;;
Moh. Nugroho;5;15/10/2024 02.56;Sangat bagus;;
abus;5;15/10/2024 02.55;top dah ig jossss..;;
Dini Nur aini;2;15/10/2024 02.50;maaf semenjak saya update jadi,tidak bisa untuk foto kenapa ya?mohon segera diperbaikiğŸ™ğŸ»ğŸ™ğŸ»;;
Syamsiah AnsiE;1;15/10/2024 02.50;Banyak yg komplain;;
Sopari Wendi;5;15/10/2024 02.44;Bagus sekali;;
Taqwa Scuad;5;15/10/2024 02.39;Nice;;
Trading Mining Doge;5;15/10/2024 02.33;Keren;;
Hida Yat;1;15/10/2024 02.31;Apk ini bagus sekali;;
Nnada Hujan;1;15/10/2024 02.27;Eyr;;
Linda Wulansari;4;15/10/2024 02.26;Efek ig knp gk bsa dipakai? Semoga bisa diperbaiki;;
Weli Renjaan;5;15/10/2024 02.19;Baik bisa berkomunikasi dengan teman sekarang makin langka saja instagram in;;
mana bisa;5;15/10/2024 02.17;Seru Simple Menyenamgkan;;
Santi Santi;5;15/10/2024 02.09;Alhamdulillah wasyukurillah;;
Toni Ardiani;1;15/10/2024 02.08;,4/77;;
Ridho Safendri;5;15/10/2024 02.00;Good;;
Rustina Tina;5;15/10/2024 01.47;Bagus;;
Yoesary_1308;2;15/10/2024 01.41;Kenapa sihh instagram sekarangg, banyak bangett bug nya, herann. Disuruh update, giliran mau di update tapi gabisa di update, gitu gitu aja teruss, padahal bukan karena masalah penyimpanan, ganggu bangett. Tolong diperbaiki bug nyağŸ™ğŸ»;;
Kunto Handono;5;15/10/2024 01.37;Bagus;;
Nur Aulia dewi;2;15/10/2024 01.35;aku udaa ganti sandi, tapi tetapp ajaa masi ada notif akun anda di ragukan, gmn si;;
Tuti Hartian;5;15/10/2024 01.31;Sangat membantu sekali mengenai masakan dan informasi lainnya;;
Desi Dimas;5;15/10/2024 01.31;Sangat menarikğŸ‘ğŸ»;;
Syahrani Rani;2;15/10/2024 01.31;"tiba"" ke log out sendiri, g jls";;
Alif Remover;5;15/10/2024 01.29;ok;;
Erick Siburian;5;15/10/2024 01.26;Sangat berguna dan menghibur;;
almi bacan;5;15/10/2024 01.25;Bagus;;
Hasan Hasan;5;15/10/2024 01.25;Best;;
Narendra Pradipta;5;15/10/2024 01.19;Jos;;
Zufri Zefti;1;15/10/2024 01.10;Tiap buka ig selalu melanggar aturan postingan dari cerita/reel facebook. Dan setelah itu apk ngeblank warna putih semua, kalau gak mau bisa sinkron dg post dari facebook ya udah gak usah bertele2, di update bukane membaik malah makij busuk;;
Nurul Hadi;1;15/10/2024 01.00;Gajelas banget ini aplikasi sekarang;;
ginaa safiyy;5;15/10/2024 00.57;Posting posting diinstagram mudah ,filternya juga bagus bagus;;
Shella Shinta;5;15/10/2024 00.54;Bagus sekali;;
Nurmi;5;15/10/2024 00.47;Bagus;;
Fazal gepeng071 071;2;15/10/2024 00.47;Ini kepenapa kok bisa akunku semua dikeluarkan alasanya dengan simpel, kata sandi telah diganti padahal gada yg ngehack;;
Dendi Nurmansyah;5;15/10/2024 00.36;Happy;;
Sugi Anto;5;15/10/2024 00.36;Bagus;;
Erna wati;4;15/10/2024 00.34;Bagusss;;
soni dekri;5;15/10/2024 00.33;Terimakasih Instagram selalu menghibur aku;;
Junairiyah Iyah;5;15/10/2024 00.28;Sangat menarik;;
yayat Hadiyat;4;15/10/2024 00.28;â™¥;;
Selma 95;5;15/10/2024 00.25;Sangat senang ğŸ¥°;;
Ifatia. arlini.p;5;15/10/2024 00.24;â­â­â­â­â­;;
lima belas;2;15/10/2024 00.22;Mau daftar akun malah nggak bisa tolong dong perbaikan nya;;
Ikin MP;5;15/10/2024 00.19;Instagram makin mantap. Informatif, edukatif dan solutif.;;
ALVIN ALVIANSYAH;2;15/10/2024 00.18;Keren;;
Nabila permata sari Permata sari;5;15/10/2024 00.12;Aplikasi .penuh memori;;
jimmy ryadhi;5;15/10/2024 00.10;Always the best;;
Anna Pabangke;5;15/10/2024 00.01;Sangat puas bisa berkomunikasi dengan teman;;
Hera Nada;5;14/10/2024 23.59;Mantap;;
Ahmad Aditya;5;14/10/2024 23.57;Bagus;;
muhlisin terate;5;14/10/2024 23.55;Ok;;
Ida bagus Adi manuaba;1;14/10/2024 23.52;Kenapa ig sering banget kena blokir sekarang, tapi alasannya tidak jelas apa kena hack ya ğŸ˜;;
Anton Safak;5;14/10/2024 23.49;Mantap;;
Valentino Rossi;5;14/10/2024 23.48;Sangat bagus;;
Di An;2;14/10/2024 23.39;MOHON BANTU AGAR MEMULIHKAN AKUN SAYA . AKUN SAYA TELAH DI TANGGUHKAN ATAS TUDUHAN PALSU ,SAYA SUDAH AJUKAN BANDING NAMUN AKUN SAYA BELUM DAPAT SAYA LOGIN ATAU PULIHKAN;;
Nurul Hikmah;1;14/10/2024 23.33;Sering keluar dari aplikasi, parah banget malah ngebug;;
adg jaya kamulyan99;2;14/10/2024 23.33;daftar juga belat belit...pake email salah,pake fb belat belit;;
Rafly Pratama;5;14/10/2024 23.30;Bagus;;
Bahrul ulum;2;14/10/2024 23.18;eror trus tiap hari;;
Rifky Ikki;3;14/10/2024 23.10;Kenapa akun saya tidak bisa live udh diajukan tpi blm bisa smpai skrg;;
Bunga Septiani;3;14/10/2024 23.02;Instagram knpa yaa di hp saya ga bisa posting story pake musik? Tolong perbaiki;;
Syafira insania kayla;5;14/10/2024 22.46;Bagus;;
Hafizd Putra;1;14/10/2024 22.45;akun suka ke unfollow sendiri, banyak bug + akun ga dapet updatean terbaru;;
hudzaifah tsaabit73;3;14/10/2024 22.43;Semenjak update yang terbaru ini, malah makin lemot, di beranda buffering semua, apalagi di pencarian.. Tolong pihak yang bersangkutan untuk memperbaiki bug yang terjadi, terima kasih;;
Nuralisa Montoiyan;4;14/10/2024 22.33;â¤ï¸â¤ï¸â¤ï¸;;
Alfajry Muhid;5;14/10/2024 22.32;Apk keren;;
Pak Utar;5;14/10/2024 22.31;Sangat butuh;;
angzz sholeh;1;14/10/2024 22.26;Kenapa setiap mau post cerita selalu hijau kalo vidio tolong di perbaiki secepatnya saya udah lama makai ini tetep aja kalo gitu hijau trus;;
Febriana Chalista;1;14/10/2024 22.19;jelek banget aplikasinya ga ada yang berubah sama sekali padahal selalu update udah lapor juga di Instagram tapi ga ada perubahan;;
Werles Zhuter;4;14/10/2024 22.08;I like this;;
Effendi chanel;5;14/10/2024 22.08;Thanks you give for ne followers 12k;;
Rahmad Aditya;5;14/10/2024 22.03;Semoga fitur-fitur bagusnya tidak dihilangkan lagi;;
Nday94 Nida;2;14/10/2024 21.52;Please mo daftar ulang kenapa jadi error dan ga bisa login;;
Ruslan Amry;4;14/10/2024 21.31;Sangat bagus;;
aqilah qiyah_;5;14/10/2024 21.24;sy suka ig karna di sn generasi milenials drpd fb yg main emak2;;
A.M Hussein;5;14/10/2024 21.17;good;;
Dedy Manullang;5;14/10/2024 21.10;Mantap;;
Erlan 014;5;14/10/2024 20.41;Folow cverlaner;;
Ekmal Khubbal miladi;5;14/10/2024 20.40;Jelas bagus gambarnya;;
deni;5;14/10/2024 20.20;kenapa dengan instagram ko tiba tiba tidak bisa live;;
Zahra Ramadhan;3;14/10/2024 20.17;aplikasiny bgs, tp saat mau gnti fto disorotnnya suka ngeleg', pdhl jringan sy bgs;;
Nitha Sarie;5;14/10/2024 19.33;Saya memberi bintang 5 karena saya sangat suka dengan aplikasi iniğŸ˜˜ğŸ¥°;;
Alan dwis;5;14/10/2024 19.31;Add dislike and live streaming features;;
Candra Purnama;5;14/10/2024 19.23;Keren...;;
KBâ€¢ HeyMik;5;14/10/2024 19.18;Enak buat berkomunikasi, melihat video menarik, dan berita penting saya suka dengan instagram;;
nana supriatna07;5;14/10/2024 19.17;Mantap selain bisa berkreasi,apl ini juga bisa menghasil kn cuan...;;
Wahyudin Entoh;5;14/10/2024 19.04;Ok;;
Mapit 46;5;14/10/2024 18.57;Sangat senang dengan nih;;
Moch Irfan;5;14/10/2024 18.29;Sangt puas;;
Vioni Siti nurhadijah;4;14/10/2024 18.28;TOLONG JANGAN HAPUS FITUR ARSIP. Balikin arsippp gueee helppp!!! Instagram lo the Best krna ada arsip di mata gue. Sebenarnya fitur lo udah baguss kok, tpi makin kesini makin kesono. sudah ya Cukup dunia yg memporak porandakan hati ini, apk Instagram jangan ikutan.;;
Alyika Kama;1;14/10/2024 18.25;Terlalu banyak iklan Tolong iklan judi online dihilangkan Iklan judi online semakin banyak Hampir keseluruhan iklan , semua judi online;;
Yayuk yaya;5;14/10/2024 18.23;Sangat baik, akun saya jangan di tangguh kan lagi yak;;
Je Story;5;14/10/2024 18.18;suka. Bagus. Update dgn fiturÂ² terbaru donk;;
Ayyub Nurdin;3;14/10/2024 17.57;Kenapa postingan video saya sebagian di freeze/tidak bisa diputar dan menjadi gambar. Tolong disediakan fitur mengganti musik di postingan, apalagi kalau audio tidak tersedia lagi bisa diganti. Musik di profil tidak muncul;;
PT Putra Ramadan Farm;1;14/10/2024 17.51;Banyak bug nya sekarang;;
Indah Rosyida;5;14/10/2024 17.49;Eror nemen bro;;
Sky Lord;1;14/10/2024 17.45;SOROTAN IG KNP DI HAPUS SII KENANGAN GUEE HILANGGGG;;
Aku;1;14/10/2024 17.41;makin kesini makin kg jelas, aplikasi makin rusak kebanyakan bug;;
Seyra Syah fitri;5;14/10/2024 17.40;baguss cuman ig sya gk bisa live;;
charunnisa utami;3;14/10/2024 17.36;apknya bermasalh kah?;;
Satriya Lokeswara;2;14/10/2024 17.35;woi ig lu gimana si jaringan gua lancar buka app lain lancar masa lu kaga, gimana si?, gua cek updatean ga ada, bikin sg liat sg liat sorotan liat postingan ga bisa, apaan si gitu?;;
m.akhsan n;1;14/10/2024 17.35;Banyak bug;;
Rama Radyansah;1;14/10/2024 17.35;ini kenapa setiap saya buka messenger ig ko selalu suruh update ya, padahal udaa gaada update an;;
Najmudin rosyid anna'afi;1;14/10/2024 17.32;perbaiki bug/kesalahan, dengarkan kritik dan saran, dan tingkatkan pelayanan.;;
Qaiman Bil;1;14/10/2024 17.31;EROR MULU BABBBIII!!!;;
Ahmad Arip;1;14/10/2024 17.29;Bug mulu!!!;;
kezia michaelia;1;14/10/2024 17.28;aplikasinya makin buruk. kalau loading lama banget pdahal kuota lancar banget. kenapa si makin hri makin ngebug? kalau pas dibuka, itu juga lama banget. instagram tolong diperbaiki lagi ya.;;
Sri Hartati;5;14/10/2024 17.18;Keren;;
Mukti Purwanto (Buna Bun);5;14/10/2024 17.11;Membantu;;
Dr. H. Novri Ompusunggu; SH.;MH;5;14/10/2024 17.02;Baik
Andika Hidayat;5;14/10/2024 17.01;Mantap;;
iLham mumtaz Kurniawan;5;14/10/2024 16.53;Baik;;
Oschar Idel;5;14/10/2024 16.50;baguss;;
Rifkybudi RBS;4;14/10/2024 16.47;Selain tempat hiburan. Bisa menyalurkan aspirasi dan mencari refrensi ide ide kreatif;;
Jejen Maullana;5;14/10/2024 16.41;Aslamualsikum;;
Abong Rian79;5;14/10/2024 16.41;The best;;
Rudi Hermawan;5;14/10/2024 16.41;Good;;
Syaha Digo;5;14/10/2024 16.40;Ok;;
Yuliana Yuliana;5;14/10/2024 16.28;Pengalaman pakai aplikasi Instagram ini bagus banyak teman dari berbagai kotağŸ‘ğŸ‘ğŸ‘;;
Alo Awak;5;14/10/2024 16.26;lnstagram;;
Afiev Saefuddin;1;14/10/2024 16.26;Saya berkomemtar dengan kata indon. Kenapa akun saya tidak bisa dibuka beberapa hari kedepan? Itu bukan untuk hinaan.;;
Kausar Aprilis;1;14/10/2024 16.24;Buruk lemot;;
Muhammad Hasan;5;14/10/2024 16.20;Ok;;
Agam Artileriansyah;5;14/10/2024 16.18;Instagram adalah sosial media yang sangat diminati semua manusia,i love instagram;;
Aho Setiawan;5;14/10/2024 16.18;Bagussss;;
Fian Pepitho;3;14/10/2024 16.11;Bagus;;
23_0418_ Egi_Seno_Aji;1;14/10/2024 16.09;Mohon maaf kok pas repost story suaranya hilang ya? Tolong perbaiki;;
Dery Aliyandry;2;14/10/2024 16.02;Masih pusing ga kaya fb;;
mustamik tamik;5;14/10/2024 16.02;Bagus banget;;
Atr Tel;5;14/10/2024 16.01;Bagus;;
Marito Sawitri Delila Simanjuntak;1;14/10/2024 15.59;banyak bug. repost igs orang tapi gada sound dan gabisa nambahin sound manual. but, thanks atas fitur-fitur Instagram yang sangat membantu. terutama arsip story, jadi jangan pernah ngilangin fitur itu. terima kasih.;;
Gema Aidil;5;14/10/2024 15.51;Apk sangat cangih;;
Mustofa;5;14/10/2024 15.50;Ok;;
Boy Zainudin;4;14/10/2024 15.50;Bolehlah.....;;
MOHAMAD ADRI;4;14/10/2024 15.45;wawğŸ‘ğŸ‘âœŒï¸;;
Roni Ramdani;5;14/10/2024 15.44;Ok;;
Gustaman Gustaman;5;14/10/2024 15.42;Good;;
Puriyawan Puriyawan;5;14/10/2024 15.41;Apiiiik;;
Ahmedz Moestaciem;5;14/10/2024 15.39;Hebat, sepadan whatsapp dan FB;;
heryhsbsy Anjai;5;14/10/2024 15.39;Terbaik;;
LukiAriawan Ariawan;5;14/10/2024 15.37;Sangat bagus sekali;;
Suhaeri Kowoo;1;14/10/2024 15.34;Setuju;;
Dedy Rapael;1;14/10/2024 15.31;Tolong tingkatkan kualitas video/foto nya;;
Arii Private Account;1;14/10/2024 15.29;TOLONG BUG TIDAK BISA SIARAN LANGSUNG DI PERBAIKI SEGERA!!!;;
Awia Finolong;5;14/10/2024 15.27;Sangat bagus..;;
Mmh Ika;5;14/10/2024 15.22;Saya senang menggunakan Instagram;;
Abdul rohim;5;14/10/2024 15.14;Mantul;;
Gabril Sambouw;5;14/10/2024 15.13;ğŸ‘ğŸ‘ğŸ‘ğŸ™ğŸ™ğŸ™;;
syah maulana;5;14/10/2024 15.07;Ok;;
Umar Umar;5;14/10/2024 15.05;Bagus karena Saya bisa chat ayang saya;;
Iwan Purminal;5;14/10/2024 15.02;Bagus;;
alvia yusviana;1;14/10/2024 15.02;Kenapa tiba2 logout sendiri dan tidak bisa login;;
Deri riski Arrahman;3;14/10/2024 14.59;eror mulu;;
Mila Hidayah;1;14/10/2024 14.58;Aplikasi gak berguna, sering ngeblak , sering ngebug juga, sering keluar sendiri , sering membatasi komentar, story ,reels , beranda juga. Dan kalo mau upload vidio benar2 lamaaaaaa bangett , Kenapa nyebelin bangettt sih Instagram. Sangat mengecewakan!!!!;;
Ica Caca;5;14/10/2024 14.55;fitur arsip story jangan dibilangin plisss;;
Rang Batak kau;1;14/10/2024 14.54;apakah Anda sedang mengintip akun kami? terus dari mana anda tau kalau yang saya lakukan di Instagram?;;
sudarminto sudarminto;5;14/10/2024 14.51;Bagus;;
dyah darminto;2;14/10/2024 14.46;saya upload di sg tapi ga muncul di arsipan, tolong di perbaiki lagi;;
Nurhasani 1;5;14/10/2024 14.44;Saya suka dengan ada nya instagram;;
Feri Force;5;14/10/2024 14.44;Semakin keren;;
Erill Aerilll;5;14/10/2024 14.41;mantapp;;
Ray acung;1;14/10/2024 14.41;Ig saya tiba2 di non aktifkan;;
Reyfa Dwisetiardi;3;14/10/2024 14.41;tolong perbaiki bug ketika ingin mengganti foto highlight saat saya ingin mengganti itu sangat lama sekali;;
Abdul Karim;5;14/10/2024 14.39;aplikasinya kdang' gimana gitu;;
Ridwan Shadila123;5;14/10/2024 14.38;Terbaik;;
Nazmy Haurifin169;1;14/10/2024 14.38;fyp nya nguawor rek. saya mau konten berkualitas, bukan konten bapak bapak dengan curhatnya, bukan konten yang 0 like 0 commen. tolong dibenerin lah itu algoritma fyp nya;;
EnzZ;5;14/10/2024 14.38;My phone has been restarted and I want to create a new account but I can't and then an error occurs, please fix itğŸ™ğŸ»;;
Akun Lama;1;14/10/2024 14.37;waya e waya e;;
budiharto krisnoto;5;14/10/2024 14.36;Good;;
Ando Prastiyo;5;14/10/2024 14.36;Baik;;
Hilal Alkahfi;1;14/10/2024 14.35;instagram sekarang error masak g bsa buat dm an;;
Yongki Ban;5;14/10/2024 14.27;Ahaha;;
Jamal Abdullah;5;14/10/2024 14.23;Puas nontonya;;
Intox2009 Indra to;5;14/10/2024 14.23;Instagram terbaikğŸ’¯;;
Galang Joanda;1;14/10/2024 14.22;UpDate :;;
Muhammad Syifa;5;14/10/2024 14.22;Aplikasi nyaa bagusss sayaaa kasii bintanggg 5;;
deva sri rahayu;5;14/10/2024 14.12;Mantoppppp;;
Wawan Ssuratman;5;14/10/2024 14.08;Oke;;
Rina Jayusman;4;14/10/2024 14.05;Please improve the quality of uploading videos and photos on my device! it looks bad on other devices. Thanks.;;
Ahmad Fadli;5;14/10/2024 14.03;manatap sip;;
Saiful;5;14/10/2024 14.02;ğŸ˜˜;;
Liza 80;5;14/10/2024 13.58;Good aplikasi Sangat menyenangkan Menggunakan aplikasi instagram;;
Bang EL zein;4;14/10/2024 13.57;Sangat menarik;;
Xena Manurung;5;14/10/2024 13.57;Sangat bagus aplikasi nya ğŸ‘ğŸ»;;
Muja Ajiz;1;14/10/2024 13.53;Ig lol ga bisa login anjg;;
Arta Indah;5;14/10/2024 13.48;Sangat penting untuk saya;;
Riki Pratama;5;14/10/2024 13.47;Bagus sih aku kasih bintang lima;;
Wahyu Din;1;14/10/2024 13.45;seru;;
Najmi Aulia;4;14/10/2024 13.44;baik dan banyak belajar tentang agama..terimaksih;;
Andik Alfatah;5;14/10/2024 13.42;Top;;
nadea tsabilla;5;14/10/2024 13.42;Bagussss bangettt jopppo;;
Adi Permata;5;14/10/2024 13.37;Sangat membantu sekali;;
Yotias polona;4;14/10/2024 13.35;Good;;
Luthfi Afifia Ruba;5;14/10/2024 13.33;tolong fitur arsip jangan dihapus;;
Endrawati Burhan;5;14/10/2024 13.32;sangat bagus;;
RISKI ADITYA ADITYA;5;14/10/2024 13.31;Bagus;;
Pak Deni;4;14/10/2024 13.27;Bagus untuk koneksi dengan teman yg sulit dicari;;
Diana Rose;4;14/10/2024 13.25;Cukup baik;;
SangFajar Agustian;1;14/10/2024 13.24;Tahii;;
Ziano Pros;1;14/10/2024 13.23;wowwwww dadarrrr biadappp, luuu kalokk ngasihh notipp sarann polow jangann adaa diaaa, biadapp manusiaa satuu ituu dasarr apk gajelass, gww hapuss luuu;;
Ihsan Ramadhan;5;14/10/2024 13.22;Wahhh bagus bangett Semangat mengembangkan aplikasi nya;;
fitri dwiyani;5;14/10/2024 13.21;Bagus;;
Lia Akmalia;2;14/10/2024 13.16;bug saat mengumpan draf postingan dan pas di edit;;
Fajar Daniel;1;14/10/2024 13.15;Saya sangat butuh fitur history tontonan plsss ğŸ™;;
Acer asgar;3;14/10/2024 13.14;Bagus baget;;
Asriga Erdi Leba;5;14/10/2024 13.10;Folowersku sering berkurang ngak tau kenapa ğŸ˜´;;
Ekasari Mardiyanti;5;14/10/2024 13.09;Good;;
Riska Amelia;5;14/10/2024 13.08;Saya kasih Bintang 5, walaupun bnyk bug, saya sadar diri klo saya ga bakal bisa buat aplikasi iniğŸ˜«;;
Chalista Putri;5;14/10/2024 13.06;Singkat,padat,jelas enak bangetttğŸ™ğŸ˜…ğŸ¤­ğŸ¤£ğŸ¤£ğŸ¤£ğŸ¤£ğŸ¤£ğŸ¤£ğŸ¤£ğŸ¤£;;
Riski Maulana;3;14/10/2024 13.03;tolong benerin bug sg nya min,pas memposting ulang, kadang lagu nya hilang;;
neneng levie;5;14/10/2024 13.00;ğŸ‘ğŸ‘ğŸ‘;;
Dandi Suhendra;1;14/10/2024 12.55;setalah di update akun saya malah kena tangguhkan. padahal tidak melanggar hak apapun dari Instagram. entah ini emang bug atau apa udah disuruh tunggu 2 hari, sampai sekarang belum bisa diakses sama sekali.;;
Dika Official;5;14/10/2024 12.54;Memudahkan untuk menemukan teman jauh;;
